hour;heat_demand
1;4000
1;3000
2;2500
3;3000
4;4000
5;4000
6;3000
7;2500
8;3000
9;4000
10;3000
11;2500
12;3000
13;4000
14;3000
15;2500
16;3000
17;4000
18;3000
19;2500
20;3000
21;4000
22;3000
23;2500
24;3000
25;4000
26;4000
27;3000
28;2500
29;3000
30;4000
31;3000
32;2500
33;3000
34;4000
35;3000
36;2500
37;3000
38;4000
39;3000
40;2500
41;3000
42;4000
43;3000
44;2500
45;3000
46;4000
47;4000
48;3000
49;2500
50;3000
51;4000
52;3000
53;2500
54;3000
55;4000
56;3000
57;2500
58;3000
59;4000
60;3000
61;2500
62;3000
63;4000
64;3000
65;2500
66;3000
67;4000
68;4000
69;3000
70;2500
71;3000
72;4000
73;3000
74;2500
75;3000
76;4000
77;3000
78;2500
79;3000
80;4000
81;3000
82;2500
83;3000
84;4000
85;3000
86;2500
87;3000
88;4000
89;4000
90;3000
91;2500
92;3000
93;4000
94;3000
95;2500
96;3000
97;4000
98;3000
99;2500
100;3000
101;4000
102;3000
103;2500
104;3000
105;4000
106;3000
107;2500
108;3000
109;4000
110;4000
111;3000
112;2500
113;3000
114;4000
115;3000
116;2500
117;3000
118;4000
119;3000
120;2500
121;3000
122;4000
123;3000
124;2500
125;3000
126;4000
127;3000
128;2500
129;3000
130;4000
131;4000
132;3000
133;2500
134;3000
135;4000
136;3000
137;2500
138;3000
139;4000
140;3000
141;2500
142;3000
143;4000
144;3000
145;2500
146;3000
147;4000
148;3000
149;2500
150;3000
151;4000
152;4000
153;3000
154;2500
155;3000
156;4000
157;3000
158;2500
159;3000
160;4000
161;3000
162;2500
163;3000
164;4000
165;3000
166;2500
167;3000
168;4000
169;3000
170;2500
171;3000
172;4000
173;4000
174;3000
175;2500
176;3000
177;4000
178;3000
179;2500
180;3000
181;4000
182;3000
183;2500
184;3000
185;4000
186;3000
187;2500
188;3000
189;4000
190;3000
191;2500
192;3000
193;4000
194;4000
195;3000
196;2500
197;3000
198;4000
199;3000
200;2500
201;3000
202;4000
203;3000
204;2500
205;3000
206;4000
207;3000
208;2500
209;3000
210;4000
211;3000
212;2500
213;3000
214;4000
215;4000
216;3000
217;2500
218;3000
219;4000
220;3000
221;2500
222;3000
223;4000
224;3000
225;2500
226;3000
227;4000
228;3000
229;2500
230;3000
231;4000
232;3000
233;2500
234;3000
235;4000
236;4000
237;3000
238;2500
239;3000
240;4000
241;3000
242;2500
243;3000
244;4000
245;3000
246;2500
247;3000
248;4000
249;3000
250;2500
251;3000
252;4000
253;3000
254;2500
255;3000
256;4000
257;4000
258;3000
259;2500
260;3000
261;4000
262;3000
263;2500
264;3000
265;4000
266;3000
267;2500
268;3000
269;4000
270;3000
271;2500
272;3000
273;4000
274;3000
275;2500
276;3000
277;4000
278;4000
279;3000
280;2500
281;3000
282;4000
283;3000
284;2500
285;3000
286;4000
287;3000
288;2500
289;3000
290;4000
291;3000
292;2500
293;3000
294;4000
295;3000
296;2500
297;3000
298;4000
299;4000
300;3000
301;2500
302;3000
303;4000
304;3000
305;2500
306;3000
307;4000
308;3000
309;2500
310;3000
311;4000
312;3000
313;2500
314;3000
315;-6
316;-6
317;-6
318;-7
319;-7
320;-7
321;-7
322;-7
323;-6
324;-5
325;-4
326;-4
327;-4
328;-4
329;-4
330;-5
331;-5
332;-5
333;-6
334;-6
335;-7
336;-7
337;-8
338;-8
339;-9
340;-10
341;-10
342;-11
343;-12
344;-12
345;-13
346;-13
347;-12
348;-11
349;-9
350;-8
351;-9
352;-9
353;-10
354;-10
355;-10
356;-10
357;-10
358;-10
359;-10
360;-10
361;-10
362;-10
363;-9
364;-9
365;-9
366;-8
367;-8
368;-7
369;-7
370;-7
371;-5
372;-3
373;-2
374;-2
375;-2
376;-2
377;-2
378;-2
379;-2
380;-3
381;-3
382;-3
383;-3
384;-3
385;-3
386;-3
387;-4
388;-4
389;-4
390;-4
391;-5
392;-5
393;-5
394;-4
395;-2
396;-1
397;0
398;1
399;1
400;0
401;-1
402;-1
403;-1
404;-1
405;-1
406;-1
407;-1
408;-1
409;-1
410;-1
411;-1
412;-1
413;-1
414;-1
415;-1
416;-1
417;-1
418;-1
419;-1
420;1
421;2
422;4
423;4
424;4
425;4
426;3
427;3
428;3
429;3
430;3
431;2
432;2
433;2
434;2
435;2
436;2
437;1
438;1
439;1
440;1
441;1
442;2
443;4
444;6
445;7
446;6
447;6
448;6
449;5
450;5
451;4
452;4
453;4
454;4
455;4
456;3
457;3
458;3
459;3
460;2
461;2
462;2
463;1
464;1
465;1
466;1
467;2
468;2
469;3
470;4
471;4
472;4
473;4
474;3
475;3
476;3
477;2
478;2
479;2
480;2
481;1
482;1
483;1
484;0
485;0
486;0
487;-1
488;-1
489;-1
490;1
491;4
492;7
493;9
494;10
495;11
496;10
497;9
498;8
499;7
500;7
501;7
502;6
503;6
504;6
505;6
506;5
507;5
508;5
509;4
510;4
511;4
512;3
513;3
514;4
515;5
516;7
517;7
518;7
519;7
520;7
521;6
522;6
523;5
524;5
525;5
526;4
527;4
528;4
529;3
530;2
531;2
532;1
533;0
534;-1
535;-1
536;-2
537;-2
538;-1
539;1
540;3
541;5
542;6
543;6
544;6
545;5
546;4
547;3
548;2
549;2
550;1
551;0
552;-1
553;-2
554;-3
555;-4
556;-5
557;-6
558;-7
559;-8
560;-9
561;-9
562;-7
563;-5
564;-4
565;-2
566;-1
567;0
568;0
569;-1
570;-2
571;-2
572;-3
573;-3
574;-4
575;-4
576;-5
577;-5
578;-5
579;-6
580;-6
581;-6
582;-6
583;-7
584;-7
585;-7
586;-6
587;-4
588;-2
589;0
590;1
591;1
592;0
593;-1
594;-1
595;-1
596;-1
597;-2
598;-2
599;-2
600;-2
601;-2
602;-2
603;-2
604;-2
605;-2
606;-2
607;-2
608;-3
609;-2
610;0
611;4
612;7
613;10
614;11
615;12
616;11
617;9
618;8
619;8
620;8
621;7
622;7
623;7
624;6
625;6
626;5
627;5
628;5
629;4
630;4
631;3
632;3
633;3
634;3
635;3
636;4
637;4
638;5
639;5
640;5
641;5
642;4
643;4
644;4
645;3
646;3
647;3
648;2
649;2
650;1
651;0
652;0
653;-1
654;-2
655;-2
656;-3
657;-3
658;-2
659;0
660;1
661;2
662;2
663;3
664;2
665;2
666;1
667;1
668;0
669;0
670;0
671;0
672;-1
673;-1
674;-1
675;-1
676;-1
677;-1
678;-1
679;-1
680;-1
681;-1
682;0
683;1
684;1
685;3
686;5
687;6
688;6
689;6
690;5
691;5
692;4
693;4
694;4
695;4
696;3
697;3
698;3
699;2
700;2
701;1
702;1
703;0
704;0
705;0
706;2
707;3
708;4
709;5
710;5
711;5
712;5
713;4
714;4
715;3
716;3
717;3
718;3
719;3
720;3
721;3
722;3
723;3
724;3
725;3
726;3
727;3
728;4
729;4
730;6
731;7
732;8
733;8
734;8
735;7
736;7
737;6
738;6
739;6
740;6
741;6
742;6
743;6
744;6
745;6
746;5
747;5
748;5
749;5
750;4
751;4
752;4
753;4
754;5
755;5
756;5
757;5
758;6
759;7
760;6
761;6
762;6
763;6
764;5
765;5
766;5
767;5
768;4
769;4
770;4
771;3
772;3
773;2
774;2
775;2
776;1
777;1
778;3
779;5
780;6
781;7
782;8
783;8
784;8
785;8
786;7
787;6
788;6
789;5
790;5
791;4
792;4
793;3
794;3
795;2
796;2
797;1
798;1
799;0
800;0
801;0
802;1
803;2
804;3
805;3
806;3
807;3
808;3
809;3
810;2
811;2
812;1
813;1
814;0
815;0
816;-1
817;-1
818;-3
819;-4
820;-5
821;-7
822;-8
823;-9
824;-11
825;-11
826;-9
827;-7
828;-5
829;-3
830;-2
831;-2
832;-2
833;-4
834;-5
835;-5
836;-5
837;-5
838;-5
839;-5
840;-5
841;-5
842;-5
843;-5
844;-5
845;-4
846;-4
847;-4
848;-3
849;-2
850;-1
851;0
852;1
853;1
854;2
855;3
856;3
857;2
858;2
859;2
860;1
861;1
862;0
863;0
864;0
865;-1
866;-1
867;-2
868;-3
869;-3
870;-4
871;-5
872;-5
873;-5
874;-3
875;-2
876;-2
877;-1
878;0
879;0
880;0
881;-1
882;-2
883;-2
884;-2
885;-2
886;-2
887;-3
888;-3
889;-3
890;-3
891;-3
892;-3
893;-3
894;-3
895;-3
896;-3
897;-2
898;0
899;2
900;2
901;4
902;5
903;5
904;5
905;4
906;3
907;2
908;2
909;1
910;1
911;0
912;0
913;-1
914;-2
915;-2
916;-3
917;-4
918;-5
919;-5
920;-6
921;-6
922;-5
923;-4
924;-3
925;-3
926;-3
927;-3
928;-4
929;-4
930;-5
931;-5
932;-5
933;-6
934;-6
935;-6
936;-7
937;-7
938;-7
939;-8
940;-8
941;-8
942;-9
943;-9
944;-10
945;-9
946;-9
947;-8
948;-6
949;-5
950;-4
951;-3
952;-4
953;-5
954;-6
955;-6
956;-6
957;-6
958;-6
959;-6
960;-6
961;-6
962;-6
963;-6
964;-6
965;-6
966;-5
967;-5
968;-5
969;-5
970;-4
971;-4
972;-3
973;-1
974;0
975;0
976;0
977;0
978;-1
979;-1
980;-1
981;-1
982;-2
983;-2
984;-2
985;-2
986;-3
987;-3
988;-3
989;-3
990;-4
991;-4
992;-4
993;-4
994;-2
995;-1
996;1
997;2
998;2
999;1
1000;1
1001;0
1002;-1
1003;-1
1004;-2
1005;-2
1006;-3
1007;-3
1008;-4
1009;-4
1010;-5
1011;-6
1012;-6
1013;-7
1014;-8
1015;-8
1016;-9
1017;-8
1018;-6
1019;-3
1020;-1
1021;0
1022;1
1023;1
1024;1
1025;0
1026;-1
1027;-2
1028;-2
1029;-2
1030;-2
1031;-2
1032;-3
1033;-3
1034;-3
1035;-3
1036;-3
1037;-3
1038;-2
1039;-2
1040;-2
1041;0
1042;2
1043;3
1044;4
1045;6
1046;8
1047;9
1048;9
1049;8
1050;7
1051;6
1052;5
1053;4
1054;3
1055;1
1056;0
1057;-1
1058;-3
1059;-4
1060;-6
1061;-8
1062;-10
1063;-11
1064;-12
1065;-12
1066;-12
1067;-10
1068;-9
1069;-8
1070;-8
1071;-8
1072;-9
1073;-10
1074;-11
1075;-11
1076;-12
1077;-13
1078;-13
1079;-12
1080;-12
1081;-12
1082;-12
1083;-12
1084;-12
1085;-12
1086;-11
1087;-11
1088;-11
1089;-11
1090;-9
1091;-7
1092;-6
1093;-5
1094;-5
1095;-6
1096;-7
1097;-8
1098;-8
1099;-7
1100;-7
1101;-6
1102;-6
1103;-5
1104;-5
1105;-4
1106;-4
1107;-5
1108;-5
1109;-5
1110;-5
1111;-5
1112;-5
1113;-4
1114;-3
1115;-1
1116;1
1117;2
1118;3
1119;5
1120;5
1121;4
1122;3
1123;3
1124;3
1125;3
1126;3
1127;3
1128;2
1129;2
1130;2
1131;2
1132;2
1133;2
1134;1
1135;1
1136;1
1137;2
1138;4
1139;4
1140;4
1141;4
1142;5
1143;5
1144;4
1145;4
1146;3
1147;3
1148;3
1149;2
1150;2
1151;2
1152;1
1153;1
1154;0
1155;0
1156;-1
1157;-1
1158;-2
1159;-3
1160;-3
1161;-2
1162;-1
1163;0
1164;0
1165;0
1166;0
1167;0
1168;-1
1169;-1
1170;-2
1171;-2
1172;-2
1173;-2
1174;-2
1175;-2
1176;-3
1177;-3
1178;-3
1179;-3
1180;-3
1181;-3
1182;-3
1183;-3
1184;-3
1185;-1
1186;2
1187;5
1188;7
1189;6
1190;5
1191;5
1192;5
1193;5
1194;4
1195;3
1196;3
1197;3
1198;3
1199;3
1200;3
1201;3
1202;3
1203;2
1204;2
1205;2
1206;2
1207;2
1208;2
1209;3
1210;4
1211;4
1212;5
1213;6
1214;7
1215;7
1216;6
1217;5
1218;5
1219;4
1220;4
1221;4
1222;4
1223;4
1224;4
1225;4
1226;4
1227;4
1228;4
1229;4
1230;4
1231;4
1232;4
1233;5
1234;6
1235;8
1236;9
1237;10
1238;11
1239;12
1240;12
1241;11
1242;10
1243;9
1244;9
1245;9
1246;8
1247;8
1248;8
1249;7
1250;7
1251;7
1252;6
1253;6
1254;5
1255;5
1256;5
1257;6
1258;7
1259;8
1260;10
1261;11
1262;12
1263;12
1264;13
1265;13
1266;12
1267;11
1268;10
1269;9
1270;8
1271;8
1272;7
1273;6
1274;4
1275;3
1276;1
1277;0
1278;-2
1279;-3
1280;-4
1281;-2
1282;0
1283;3
1284;5
1285;8
1286;9
1287;9
1288;9
1289;8
1290;7
1291;5
1292;5
1293;5
1294;4
1295;4
1296;3
1297;3
1298;3
1299;3
1300;3
1301;2
1302;2
1303;2
1304;2
1305;3
1306;3
1307;4
1308;6
1309;7
1310;7
1311;7
1312;6
1313;6
1314;6
1315;5
1316;5
1317;5
1318;4
1319;4
1320;4
1321;3
1322;3
1323;2
1324;2
1325;1
1326;1
1327;0
1328;0
1329;1
1330;3
1331;5
1332;6
1333;6
1334;6
1335;6
1336;6
1337;5
1338;4
1339;4
1340;3
1341;3
1342;2
1343;1
1344;1
1345;0
1346;-1
1347;-2
1348;-2
1349;-3
1350;-4
1351;-5
1352;-5
1353;-4
1354;-1
1355;1
1356;4
1357;6
1358;6
1359;6
1360;5
1361;5
1362;4
1363;3
1364;3
1365;2
1366;2
1367;2
1368;2
1369;2
1370;2
1371;2
1372;2
1373;2
1374;2
1375;3
1376;3
1377;4
1378;6
1379;7
1380;9
1381;10
1382;10
1383;9
1384;9
1385;8
1386;7
1387;7
1388;7
1389;6
1390;6
1391;6
1392;6
1393;6
1394;6
1395;5
1396;5
1397;5
1398;4
1399;4
1400;4
1401;5
1402;6
1403;8
1404;8
1405;9
1406;9
1407;9
1408;9
1409;8
1410;8
1411;7
1412;7
1413;6
1414;6
1415;5
1416;5
1417;4
1418;4
1419;3
1420;3
1421;2
1422;2
1423;1
1424;1
1425;1
1426;2
1427;3
1428;3
1429;3
1430;3
1431;3
1432;3
1433;3
1434;3
1435;3
1436;2
1437;2
1438;2
1439;2
1440;2
1441;2
1442;2
1443;2
1444;2
1445;2
1446;2
1447;2
1448;2
1449;2
1450;3
1451;3
1452;3
1453;3
1454;3
1455;4
1456;4
1457;4
1458;3
1459;3
1460;3
1461;3
1462;3
1463;3
1464;2
1465;2
1466;1
1467;0
1468;-1
1469;-2
1470;-3
1471;-4
1472;-4
1473;-3
1474;-2
1475;0
1476;2
1477;3
1478;4
1479;5
1480;5
1481;4
1482;3
1483;2
1484;1
1485;1
1486;0
1487;0
1488;-1
1489;-1
1490;-1
1491;-2
1492;-2
1493;-2
1494;-3
1495;-3
1496;-3
1497;-2
1498;-1
1499;0
1500;1
1501;1
1502;2
1503;3
1504;3
1505;2
1506;2
1507;1
1508;1
1509;0
1510;0
1511;0
1512;-1
1513;-1
1514;-2
1515;-2
1516;-3
1517;-3
1518;-4
1519;-4
1520;-4
1521;-2
1522;0
1523;1
1524;2
1525;3
1526;4
1527;4
1528;4
1529;4
1530;3
1531;2
1532;2
1533;1
1534;1
1535;0
1536;0
1537;0
1538;0
1539;-1
1540;-1
1541;-1
1542;-1
1543;-1
1544;-1
1545;0
1546;1
1547;2
1548;3
1549;3
1550;3
1551;3
1552;4
1553;4
1554;4
1555;3
1556;3
1557;2
1558;2
1559;1
1560;1
1561;0
1562;0
1563;0
1564;-1
1565;-1
1566;-2
1567;-2
1568;-2
1569;-1
1570;-1
1571;0
1572;2
1573;3
1574;4
1575;5
1576;5
1577;4
1578;4
1579;3
1580;2
1581;2
1582;1
1583;1
1584;0
1585;-1
1586;-1
1587;-2
1588;-3
1589;-3
1590;-4
1591;-5
1592;-5
1593;-4
1594;-3
1595;-2
1596;-2
1597;-1
1598;0
1599;0
1600;1
1601;1
1602;0
1603;0
1604;-1
1605;-1
1606;-1
1607;-2
1608;-2
1609;-2
1610;-2
1611;-3
1612;-3
1613;-3
1614;-3
1615;-3
1616;-3
1617;-2
1618;-1
1619;-1
1620;0
1621;1
1622;1
1623;1
1624;1
1625;0
1626;0
1627;0
1628;-1
1629;-1
1630;-1
1631;-1
1632;-1
1633;-1
1634;-1
1635;-1
1636;-1
1637;-2
1638;-2
1639;-2
1640;-2
1641;-2
1642;-1
1643;0
1644;1
1645;1
1646;1
1647;1
1648;1
1649;0
1650;0
1651;0
1652;0
1653;-1
1654;-1
1655;-1
1656;-1
1657;-2
1658;-2
1659;-2
1660;-3
1661;-3
1662;-3
1663;-4
1664;-3
1665;-1
1666;1
1667;3
1668;5
1669;6
1670;7
1671;7
1672;7
1673;7
1674;5
1675;4
1676;4
1677;3
1678;3
1679;2
1680;1
1681;1
1682;0
1683;-1
1684;-1
1685;-2
1686;-3
1687;-3
1688;-3
1689;-2
1690;0
1691;2
1692;3
1693;4
1694;4
1695;4
1696;4
1697;4
1698;3
1699;2
1700;2
1701;2
1702;1
1703;1
1704;0
1705;0
1706;0
1707;0
1708;0
1709;0
1710;0
1711;0
1712;0
1713;1
1714;2
1715;3
1716;3
1717;4
1718;4
1719;5
1720;5
1721;4
1722;4
1723;3
1724;3
1725;3
1726;2
1727;2
1728;2
1729;1
1730;1
1731;1
1732;0
1733;0
1734;-1
1735;-1
1736;0
1737;2
1738;3
1739;4
1740;6
1741;6
1742;7
1743;7
1744;6
1745;6
1746;5
1747;4
1748;4
1749;4
1750;3
1751;3
1752;2
1753;2
1754;2
1755;1
1756;1
1757;1
1758;0
1759;0
1760;1
1761;3
1762;5
1763;6
1764;6
1765;7
1766;8
1767;8
1768;7
1769;7
1770;6
1771;5
1772;5
1773;4
1774;4
1775;3
1776;3
1777;2
1778;2
1779;1
1780;1
1781;0
1782;0
1783;-1
1784;1
1785;3
1786;5
1787;6
1788;7
1789;8
1790;8
1791;8
1792;8
1793;8
1794;7
1795;6
1796;6
1797;6
1798;6
1799;5
1800;5
1801;5
1802;5
1803;5
1804;5
1805;5
1806;5
1807;6
1808;7
1809;8
1810;10
1811;12
1812;14
1813;15
1814;16
1815;16
1816;16
1817;15
1818;14
1819;13
1820;13
1821;12
1822;11
1823;10
1824;9
1825;8
1826;7
1827;6
1828;4
1829;3
1830;2
1831;1
1832;2
1833;4
1834;7
1835;9
1836;11
1837;12
1838;13
1839;13
1840;13
1841;12
1842;10
1843;9
1844;8
1845;8
1846;7
1847;6
1848;5
1849;5
1850;4
1851;4
1852;3
1853;3
1854;2
1855;2
1856;2
1857;4
1858;6
1859;8
1860;9
1861;10
1862;10
1863;10
1864;10
1865;9
1866;8
1867;8
1868;7
1869;7
1870;6
1871;5
1872;5
1873;4
1874;4
1875;3
1876;3
1877;2
1878;2
1879;1
1880;2
1881;2
1882;3
1883;3
1884;4
1885;5
1886;5
1887;5
1888;5
1889;5
1890;5
1891;4
1892;4
1893;3
1894;3
1895;3
1896;2
1897;2
1898;1
1899;1
1900;0
1901;0
1902;0
1903;0
1904;0
1905;1
1906;2
1907;4
1908;6
1909;6
1910;7
1911;8
1912;8
1913;8
1914;7
1915;6
1916;5
1917;5
1918;4
1919;4
1920;3
1921;3
1922;2
1923;2
1924;1
1925;1
1926;0
1927;0
1928;1
1929;3
1930;5
1931;7
1932;10
1933;12
1934;13
1935;14
1936;14
1937;13
1938;12
1939;11
1940;10
1941;9
1942;8
1943;7
1944;5
1945;4
1946;3
1947;2
1948;1
1949;0
1950;-2
1951;-2
1952;0
1953;2
1954;4
1955;6
1956;7
1957;9
1958;11
1959;11
1960;12
1961;11
1962;10
1963;8
1964;7
1965;6
1966;6
1967;5
1968;4
1969;4
1970;4
1971;3
1972;3
1973;2
1974;2
1975;2
1976;3
1977;5
1978;5
1979;6
1980;7
1981;8
1982;8
1983;9
1984;9
1985;9
1986;8
1987;8
1988;7
1989;6
1990;5
1991;5
1992;4
1993;3
1994;3
1995;2
1996;2
1997;1
1998;0
1999;0
2000;1
2001;2
2002;4
2003;5
2004;6
2005;7
2006;8
2007;9
2008;10
2009;10
2010;9
2011;8
2012;7
2013;6
2014;5
2015;5
2016;4
2017;3
2018;3
2019;2
2020;1
2021;1
2022;0
2023;0
2024;0
2025;1
2026;2
2027;3
2028;4
2029;6
2030;7
2031;8
2032;9
2033;8
2034;8
2035;7
2036;6
2037;6
2038;6
2039;6
2040;5
2041;5
2042;5
2043;5
2044;5
2045;5
2046;5
2047;5
2048;5
2049;5
2050;7
2051;9
2052;11
2053;12
2054;12
2055;12
2056;13
2057;13
2058;12
2059;11
2060;11
2061;10
2062;10
2063;9
2064;8
2065;8
2066;7
2067;6
2068;5
2069;5
2070;4
2071;4
2072;5
2073;5
2074;6
2075;8
2076;10
2077;12
2078;13
2079;13
2080;12
2081;11
2082;10
2083;9
2084;9
2085;8
2086;8
2087;7
2088;6
2089;6
2090;5
2091;4
2092;3
2093;2
2094;2
2095;2
2096;3
2097;3
2098;4
2099;6
2100;8
2101;8
2102;8
2103;10
2104;10
2105;10
2106;9
2107;8
2108;7
2109;7
2110;6
2111;6
2112;5
2113;5
2114;4
2115;4
2116;3
2117;3
2118;2
2119;3
2120;4
2121;6
2122;8
2123;9
2124;10
2125;11
2126;10
2127;10
2128;9
2129;8
2130;8
2131;7
2132;7
2133;6
2134;6
2135;6
2136;6
2137;6
2138;6
2139;6
2140;6
2141;6
2142;6
2143;6
2144;7
2145;8
2146;9
2147;11
2148;12
2149;13
2150;14
2151;14
2152;14
2153;14
2154;13
2155;12
2156;11
2157;10
2158;9
2159;8
2160;6
2161;5
2162;4
2163;2
2164;1
2165;-1
2166;-3
2167;-3
2168;-2
2169;0
2170;2
2171;3
2172;4
2173;5
2174;7
2175;7
2176;7
2177;7
2178;6
2179;5
2180;4
2181;3
2182;2
2183;1
2184;0
2185;0
2186;0
2187;-1
2188;-1
2189;-2
2190;-2
2191;-1
2192;0
2193;2
2194;3
2195;5
2196;7
2197;8
2198;8
2199;8
2200;8
2201;7
2202;6
2203;5
2204;4
2205;4
2206;3
2207;2
2208;1
2209;0
2210;0
2211;-1
2212;-2
2213;-3
2214;-4
2215;-4
2216;-2
2217;0
2218;2
2219;4
2220;6
2221;7
2222;7
2223;8
2224;8
2225;7
2226;6
2227;4
2228;3
2229;3
2230;2
2231;2
2232;1
2233;1
2234;1
2235;1
2236;1
2237;1
2238;1
2239;1
2240;2
2241;2
2242;3
2243;3
2244;4
2245;5
2246;6
2247;7
2248;7
2249;6
2250;6
2251;5
2252;5
2253;6
2254;7
2255;8
2256;9
2257;10
2258;10
2259;10
2260;10
2261;10
2262;10
2263;10
2264;11
2265;12
2266;12
2267;12
2268;12
2269;13
2270;13
2271;13
2272;13
2273;13
2274;13
2275;13
2276;12
2277;12
2278;11
2279;11
2280;11
2281;10
2282;9
2283;9
2284;8
2285;7
2286;7
2287;7
2288;8
2289;9
2290;10
2291;11
2292;11
2293;12
2294;12
2295;12
2296;12
2297;11
2298;11
2299;10
2300;10
2301;10
2302;10
2303;11
2304;11
2305;11
2306;11
2307;12
2308;12
2309;12
2310;12
2311;13
2312;13
2313;13
2314;13
2315;14
2316;15
2317;16
2318;16
2319;16
2320;16
2321;16
2322;16
2323;15
2324;15
2325;15
2326;14
2327;14
2328;14
2329;13
2330;13
2331;12
2332;12
2333;11
2334;11
2335;11
2336;12
2337;13
2338;13
2339;14
2340;14
2341;15
2342;16
2343;16
2344;15
2345;15
2346;15
2347;14
2348;14
2349;13
2350;12
2351;12
2352;11
2353;10
2354;9
2355;8
2356;7
2357;6
2358;5
2359;6
2360;7
2361;8
2362;9
2363;11
2364;13
2365;13
2366;14
2367;14
2368;14
2369;14
2370;13
2371;12
2372;11
2373;11
2374;11
2375;11
2376;10
2377;10
2378;11
2379;11
2380;11
2381;11
2382;11
2383;12
2384;13
2385;14
2386;15
2387;17
2388;19
2389;20
2390;20
2391;20
2392;20
2393;19
2394;19
2395;18
2396;17
2397;17
2398;16
2399;15
2400;14
2401;14
2402;13
2403;12
2404;11
2405;11
2406;10
2407;11
2408;12
2409;14
2410;16
2411;18
2412;20
2413;22
2414;23
2415;23
2416;23
2417;23
2418;22
2419;21
2420;19
2421;18
2422;17
2423;16
2424;14
2425;13
2426;11
2427;9
2428;7
2429;6
2430;4
2431;4
2432;6
2433;8
2434;11
2435;13
2436;14
2437;16
2438;17
2439;17
2440;17
2441;17
2442;16
2443;14
2444;13
2445;11
2446;10
2447;8
2448;7
2449;5
2450;4
2451;3
2452;2
2453;0
2454;-1
2455;0
2456;2
2457;4
2458;6
2459;9
2460;11
2461;12
2462;13
2463;14
2464;14
2465;13
2466;12
2467;11
2468;9
2469;9
2470;8
2471;7
2472;6
2473;5
2474;5
2475;4
2476;4
2477;3
2478;3
2479;4
2480;5
2481;6
2482;8
2483;9
2484;11
2485;12
2486;12
2487;13
2488;13
2489;13
2490;13
2491;12
2492;11
2493;10
2494;9
2495;7
2496;6
2497;5
2498;4
2499;2
2500;1
2501;0
2502;-1
2503;0
2504;2
2505;3
2506;6
2507;8
2508;11
2509;12
2510;13
2511;14
2512;14
2513;13
2514;12
2515;11
2516;9
2517;8
2518;7
2519;6
2520;5
2521;3
2522;2
2523;1
2524;0
2525;-1
2526;-1
2527;-1
2528;1
2529;2
2530;5
2531;8
2532;10
2533;11
2534;12
2535;13
2536;13
2537;13
2538;12
2539;10
2540;9
2541;8
2542;7
2543;6
2544;5
2545;4
2546;3
2547;2
2548;1
2549;0
2550;0
2551;1
2552;3
2553;6
2554;8
2555;11
2556;12
2557;13
2558;14
2559;15
2560;15
2561;14
2562;13
2563;12
2564;10
2565;9
2566;8
2567;6
2568;5
2569;4
2570;3
2571;2
2572;1
2573;0
2574;-1
2575;0
2576;1
2577;3
2578;5
2579;7
2580;9
2581;9
2582;8
2583;8
2584;8
2585;9
2586;8
2587;7
2588;6
2589;5
2590;4
2591;3
2592;2
2593;1
2594;1
2595;0
2596;-1
2597;-1
2598;-1
2599;-1
2600;0
2601;1
2602;2
2603;3
2604;4
2605;6
2606;7
2607;7
2608;7
2609;8
2610;7
2611;7
2612;6
2613;6
2614;5
2615;5
2616;4
2617;4
2618;3
2619;3
2620;3
2621;2
2622;2
2623;3
2624;4
2625;5
2626;5
2627;6
2628;7
2629;8
2630;8
2631;8
2632;8
2633;7
2634;7
2635;6
2636;6
2637;6
2638;5
2639;5
2640;5
2641;5
2642;5
2643;5
2644;5
2645;5
2646;5
2647;5
2648;5
2649;5
2650;6
2651;6
2652;6
2653;6
2654;6
2655;7
2656;7
2657;7
2658;6
2659;6
2660;6
2661;6
2662;5
2663;5
2664;5
2665;4
2666;3
2667;3
2668;2
2669;1
2670;1
2671;1
2672;2
2673;3
2674;6
2675;8
2676;10
2677;11
2678;11
2679;12
2680;12
2681;12
2682;11
2683;10
2684;9
2685;8
2686;7
2687;5
2688;4
2689;3
2690;2
2691;1
2692;0
2693;-1
2694;-1
2695;0
2696;1
2697;3
2698;6
2699;9
2700;11
2701;13
2702;14
2703;15
2704;16
2705;16
2706;15
2707;13
2708;12
2709;10
2710;8
2711;7
2712;5
2713;3
2714;2
2715;0
2716;-1
2717;-3
2718;-3
2719;-2
2720;0
2721;2
2722;5
2723;7
2724;9
2725;11
2726;12
2727;13
2728;14
2729;13
2730;12
2731;11
2732;9
2733;8
2734;7
2735;6
2736;5
2737;4
2738;3
2739;2
2740;2
2741;1
2742;1
2743;2
2744;4
2745;7
2746;9
2747;11
2748;13
2749;15
2750;16
2751;17
2752;17
2753;17
2754;16
2755;15
2756;13
2757;12
2758;10
2759;9
2760;7
2761;6
2762;5
2763;4
2764;2
2765;1
2766;1
2767;2
2768;4
2769;7
2770;9
2771;11
2772;12
2773;14
2774;14
2775;14
2776;15
2777;14
2778;13
2779;12
2780;11
2781;11
2782;10
2783;10
2784;9
2785;9
2786;10
2787;10
2788;10
2789;11
2790;11
2791;12
2792;12
2793;12
2794;13
2795;13
2796;13
2797;14
2798;14
2799;14
2800;14
2801;14
2802;14
2803;14
2804;13
2805;13
2806;12
2807;12
2808;11
2809;11
2810;9
2811;8
2812;7
2813;5
2814;5
2815;5
2816;6
2817;7
2818;8
2819;8
2820;8
2821;8
2822;8
2823;9
2824;9
2825;9
2826;9
2827;8
2828;8
2829;7
2830;6
2831;5
2832;4
2833;3
2834;2
2835;1
2836;0
2837;-1
2838;-1
2839;0
2840;1
2841;3
2842;5
2843;6
2844;7
2845;8
2846;9
2847;10
2848;11
2849;10
2850;9
2851;8
2852;7
2853;6
2854;5
2855;5
2856;4
2857;3
2858;3
2859;2
2860;2
2861;1
2862;1
2863;1
2864;1
2865;2
2866;3
2867;4
2868;5
2869;5
2870;5
2871;6
2872;6
2873;6
2874;6
2875;5
2876;5
2877;5
2878;5
2879;5
2880;5
2881;5
2882;5
2883;6
2884;6
2885;6
2886;6
2887;6
2888;7
2889;8
2890;9
2891;11
2892;13
2893;14
2894;15
2895;15
2896;15
2897;14
2898;13
2899;12
2900;12
2901;11
2902;11
2903;10
2904;9
2905;9
2906;8
2907;7
2908;6
2909;5
2910;5
2911;6
2912;8
2913;10
2914;12
2915;15
2916;16
2917;17
2918;18
2919;19
2920;19
2921;19
2922;18
2923;16
2924;15
2925;14
2926;13
2927;13
2928;12
2929;11
2930;11
2931;11
2932;11
2933;11
2934;11
2935;11
2936;11
2937;11
2938;12
2939;13
2940;14
2941;15
2942;15
2943;15
2944;15
2945;15
2946;15
2947;15
2948;14
2949;14
2950;13
2951;12
2952;11
2953;11
2954;10
2955;9
2956;8
2957;7
2958;7
2959;7
2960;8
2961;10
2962;11
2963;12
2964;14
2965;15
2966;16
2967;17
2968;17
2969;17
2970;17
2971;16
2972;15
2973;14
2974;13
2975;12
2976;11
2977;10
2978;9
2979;8
2980;7
2981;6
2982;6
2983;8
2984;10
2985;12
2986;13
2987;15
2988;17
2989;18
2990;19
2991;20
2992;20
2993;20
2994;18
2995;17
2996;16
2997;14
2998;13
2999;12
3000;11
3001;9
3002;9
3003;8
3004;7
3005;6
3006;6
3007;8
3008;9
3009;12
3010;14
3011;16
3012;17
3013;19
3014;20
3015;20
3016;21
3017;20
3018;19
3019;18
3020;16
3021;15
3022;14
3023;13
3024;11
3025;10
3026;9
3027;9
3028;8
3029;7
3030;7
3031;7
3032;8
3033;10
3034;11
3035;12
3036;12
3037;13
3038;14
3039;15
3040;15
3041;15
3042;15
3043;14
3044;13
3045;12
3046;12
3047;11
3048;10
3049;9
3050;8
3051;7
3052;7
3053;6
3054;6
3055;7
3056;8
3057;8
3058;9
3059;10
3060;10
3061;10
3062;10
3063;11
3064;12
3065;12
3066;12
3067;12
3068;11
3069;10
3070;9
3071;8
3072;7
3073;6
3074;5
3075;4
3076;3
3077;2
3078;3
3079;4
3080;6
3081;8
3082;9
3083;11
3084;11
3085;11
3086;12
3087;13
3088;13
3089;12
3090;11
3091;10
3092;9
3093;8
3094;7
3095;6
3096;5
3097;4
3098;3
3099;2
3100;2
3101;1
3102;1
3103;1
3104;3
3105;5
3106;7
3107;9
3108;10
3109;12
3110;13
3111;13
3112;14
3113;13
3114;13
3115;11
3116;10
3117;9
3118;8
3119;6
3120;5
3121;5
3122;4
3123;4
3124;4
3125;3
3126;4
3127;6
3128;7
3129;8
3130;10
3131;11
3132;13
3133;14
3134;14
3135;14
3136;15
3137;15
3138;14
3139;13
3140;12
3141;11
3142;9
3143;8
3144;7
3145;5
3146;4
3147;3
3148;2
3149;1
3150;1
3151;3
3152;4
3153;6
3154;7
3155;9
3156;10
3157;11
3158;12
3159;12
3160;12
3161;12
3162;11
3163;10
3164;8
3165;7
3166;6
3167;5
3168;4
3169;3
3170;4
3171;4
3172;4
3173;4
3174;5
3175;6
3176;6
3177;6
3178;7
3179;8
3180;10
3181;11
3182;12
3183;12
3184;13
3185;13
3186;13
3187;13
3188;12
3189;11
3190;10
3191;9
3192;9
3193;8
3194;7
3195;6
3196;5
3197;4
3198;4
3199;4
3200;6
3201;7
3202;8
3203;8
3204;9
3205;11
3206;12
3207;12
3208;12
3209;11
3210;11
3211;10
3212;10
3213;9
3214;9
3215;8
3216;8
3217;8
3218;7
3219;7
3220;7
3221;7
3222;7
3223;8
3224;8
3225;9
3226;11
3227;14
3228;15
3229;16
3230;17
3231;17
3232;17
3233;16
3234;15
3235;14
3236;14
3237;13
3238;12
3239;11
3240;11
3241;10
3242;9
3243;8
3244;7
3245;7
3246;7
3247;8
3248;9
3249;10
3250;10
3251;10
3252;11
3253;11
3254;12
3255;13
3256;14
3257;14
3258;15
3259;14
3260;14
3261;13
3262;12
3263;11
3264;9
3265;8
3266;7
3267;6
3268;5
3269;5
3270;5
3271;6
3272;6
3273;8
3274;9
3275;11
3276;13
3277;15
3278;16
3279;16
3280;16
3281;16
3282;15
3283;14
3284;13
3285;12
3286;11
3287;10
3288;9
3289;8
3290;7
3291;7
3292;6
3293;5
3294;6
3295;8
3296;10
3297;11
3298;12
3299;13
3300;13
3301;13
3302;13
3303;13
3304;13
3305;13
3306;12
3307;11
3308;10
3309;9
3310;8
3311;8
3312;7
3313;6
3314;5
3315;4
3316;4
3317;3
3318;4
3319;6
3320;8
3321;10
3322;12
3323;13
3324;15
3325;16
3326;17
3327;18
3328;18
3329;18
3330;17
3331;16
3332;15
3333;14
3334;13
3335;12
3336;11
3337;11
3338;11
3339;11
3340;11
3341;11
3342;12
3343;13
3344;15
3345;17
3346;19
3347;21
3348;23
3349;24
3350;25
3351;26
3352;26
3353;26
3354;25
3355;24
3356;23
3357;21
3358;19
3359;18
3360;16
3361;14
3362;13
3363;11
3364;10
3365;9
3366;10
3367;10
3368;12
3369;14
3370;17
3371;19
3372;21
3373;23
3374;24
3375;24
3376;25
3377;24
3378;23
3379;22
3380;21
3381;20
3382;18
3383;17
3384;16
3385;15
3386;15
3387;14
3388;13
3389;13
3390;13
3391;13
3392;14
3393;15
3394;16
3395;16
3396;16
3397;16
3398;17
3399;17
3400;18
3401;18
3402;18
3403;18
3404;17
3405;17
3406;16
3407;15
3408;14
3409;13
3410;12
3411;11
3412;10
3413;9
3414;10
3415;11
3416;13
3417;15
3418;17
3419;19
3420;20
3421;21
3422;22
3423;22
3424;22
3425;22
3426;21
3427;21
3428;19
3429;18
3430;16
3431;15
3432;14
3433;12
3434;11
3435;10
3436;9
3437;9
3438;10
3439;11
3440;13
3441;16
3442;16
3443;16
3444;16
3445;17
3446;17
3447;17
3448;17
3449;17
3450;17
3451;16
3452;15
3453;14
3454;13
3455;12
3456;11
3457;10
3458;9
3459;8
3460;7
3461;7
3462;8
3463;9
3464;11
3465;13
3466;15
3467;16
3468;18
3469;19
3470;20
3471;21
3472;21
3473;21
3474;21
3475;20
3476;19
3477;18
3478;16
3479;15
3480;14
3481;13
3482;12
3483;11
3484;10
3485;9
3486;10
3487;11
3488;12
3489;14
3490;15
3491;17
3492;19
3493;20
3494;21
3495;21
3496;22
3497;22
3498;21
3499;20
3500;19
3501;18
3502;16
3503;15
3504;13
3505;12
3506;11
3507;10
3508;9
3509;8
3510;9
3511;11
3512;13
3513;15
3514;17
3515;19
3516;21
3517;22
3518;23
3519;23
3520;24
3521;23
3522;23
3523;22
3524;20
3525;19
3526;18
3527;18
3528;17
3529;17
3530;17
3531;17
3532;17
3533;17
3534;17
3535;18
3536;19
3537;20
3538;20
3539;21
3540;22
3541;22
3542;22
3543;22
3544;22
3545;22
3546;22
3547;22
3548;21
3549;21
3550;20
3551;19
3552;18
3553;17
3554;16
3555;15
3556;14
3557;14
3558;14
3559;14
3560;14
3561;15
3562;15
3563;15
3564;16
3565;16
3566;16
3567;16
3568;16
3569;16
3570;16
3571;16
3572;16
3573;16
3574;15
3575;14
3576;14
3577;12
3578;10
3579;8
3580;5
3581;5
3582;6
3583;8
3584;10
3585;12
3586;14
3587;16
3588;18
3589;20
3590;21
3591;22
3592;22
3593;22
3594;21
3595;20
3596;18
3597;16
3598;15
3599;13
3600;11
3601;9
3602;8
3603;7
3604;6
3605;5
3606;6
3607;8
3608;10
3609;12
3610;14
3611;16
3612;18
3613;20
3614;21
3615;22
3616;23
3617;23
3618;22
3619;21
3620;19
3621;17
3622;15
3623;14
3624;12
3625;11
3626;9
3627;8
3628;6
3629;6
3630;7
3631;8
3632;9
3633;10
3634;12
3635;14
3636;16
3637;17
3638;19
3639;20
3640;20
3641;20
3642;19
3643;18
3644;17
3645;16
3646;14
3647;12
3648;11
3649;9
3650;8
3651;7
3652;5
3653;5
3654;6
3655;8
3656;10
3657;12
3658;14
3659;16
3660;18
3661;19
3662;20
3663;21
3664;21
3665;21
3666;20
3667;19
3668;17
3669;16
3670;14
3671;13
3672;11
3673;10
3674;8
3675;7
3676;6
3677;6
3678;7
3679;9
3680;11
3681;12
3682;14
3683;16
3684;18
3685;19
3686;19
3687;19
3688;19
3689;19
3690;19
3691;18
3692;17
3693;15
3694;14
3695;12
3696;11
3697;10
3698;9
3699;9
3700;8
3701;8
3702;9
3703;9
3704;10
3705;10
3706;10
3707;11
3708;11
3709;12
3710;13
3711;14
3712;15
3713;15
3714;15
3715;14
3716;14
3717;13
3718;12
3719;11
3720;10
3721;9
3722;8
3723;6
3724;5
3725;5
3726;6
3727;8
3728;9
3729;11
3730;13
3731;15
3732;16
3733;17
3734;19
3735;19
3736;20
3737;20
3738;19
3739;18
3740;17
3741;15
3742;14
3743;12
3744;10
3745;9
3746;8
3747;6
3748;5
3749;5
3750;5
3751;7
3752;9
3753;11
3754;13
3755;14
3756;16
3757;17
3758;18
3759;19
3760;19
3761;19
3762;18
3763;17
3764;16
3765;14
3766;13
3767;11
3768;9
3769;8
3770;7
3771;6
3772;5
3773;5
3774;5
3775;6
3776;8
3777;10
3778;12
3779;14
3780;15
3781;17
3782;18
3783;18
3784;19
3785;19
3786;18
3787;17
3788;16
3789;14
3790;13
3791;11
3792;9
3793;8
3794;7
3795;6
3796;5
3797;4
3798;5
3799;6
3800;8
3801;9
3802;11
3803;13
3804;14
3805;15
3806;16
3807;17
3808;17
3809;17
3810;16
3811;15
3812;14
3813;13
3814;11
3815;10
3816;9
3817;8
3818;8
3819;8
3820;8
3821;8
3822;9
3823;9
3824;11
3825;12
3826;13
3827;14
3828;15
3829;15
3830;15
3831;15
3832;14
3833;13
3834;13
3835;12
3836;12
3837;12
3838;11
3839;11
3840;11
3841;11
3842;10
3843;10
3844;10
3845;10
3846;11
3847;11
3848;11
3849;12
3850;14
3851;14
3852;14
3853;15
3854;15
3855;15
3856;15
3857;15
3858;15
3859;14
3860;14
3861;13
3862;12
3863;11
3864;10
3865;9
3866;9
3867;8
3868;7
3869;7
3870;8
3871;9
3872;11
3873;13
3874;14
3875;16
3876;18
3877;19
3878;20
3879;20
3880;21
3881;20
3882;19
3883;18
3884;17
3885;16
3886;14
3887;13
3888;12
3889;11
3890;10
3891;9
3892;9
3893;8
3894;9
3895;10
3896;12
3897;14
3898;16
3899;17
3900;18
3901;19
3902;20
3903;20
3904;19
3905;19
3906;18
3907;18
3908;17
3909;15
3910;15
3911;14
3912;14
3913;13
3914;13
3915;13
3916;14
3917;14
3918;14
3919;14
3920;15
3921;16
3922;17
3923;18
3924;20
3925;21
3926;21
3927;21
3928;22
3929;22
3930;21
3931;20
3932;20
3933;19
3934;18
3935;17
3936;16
3937;14
3938;13
3939;12
3940;10
3941;10
3942;11
3943;12
3944;13
3945;15
3946;17
3947;18
3948;19
3949;20
3950;20
3951;19
3952;19
3953;18
3954;18
3955;17
3956;16
3957;15
3958;14
3959;13
3960;12
3961;12
3962;11
3963;11
3964;10
3965;10
3966;10
3967;11
3968;12
3969;14
3970;15
3971;17
3972;18
3973;19
3974;20
3975;20
3976;20
3977;20
3978;19
3979;18
3980;18
3981;17
3982;16
3983;15
3984;14
3985;13
3986;12
3987;12
3988;11
3989;11
3990;11
3991;11
3992;12
3993;14
3994;16
3995;18
3996;18
3997;18
3998;18
3999;18
4000;18
4001;18
4002;18
4003;17
4004;16
4005;16
4006;15
4007;14
4008;13
4009;13
4010;12
4011;12
4012;12
4013;12
4014;12
4015;13
4016;14
4017;14
4018;15
4019;16
4020;16
4021;17
4022;18
4023;18
4024;19
4025;19
4026;19
4027;19
4028;18
4029;17
4030;17
4031;16
4032;14
4033;13
4034;13
4035;12
4036;11
4037;10
4038;11
4039;12
4040;14
4041;16
4042;18
4043;19
4044;21
4045;22
4046;23
4047;24
4048;25
4049;25
4050;24
4051;24
4052;22
4053;21
4054;20
4055;19
4056;19
4057;19
4058;19
4059;19
4060;19
4061;19
4062;20
4063;20
4064;22
4065;24
4066;25
4067;25
4068;26
4069;27
4070;27
4071;28
4072;27
4073;27
4074;26
4075;26
4076;25
4077;24
4078;23
4079;22
4080;21
4081;20
4082;19
4083;18
4084;17
4085;17
4086;17
4087;17
4088;18
4089;20
4090;22
4091;24
4092;25
4093;26
4094;27
4095;28
4096;28
4097;28
4098;27
4099;26
4100;25
4101;25
4102;23
4103;21
4104;20
4105;18
4106;17
4107;15
4108;13
4109;13
4110;14
4111;15
4112;17
4113;19
4114;21
4115;23
4116;25
4117;27
4118;28
4119;29
4120;29
4121;29
4122;28
4123;27
4124;25
4125;24
4126;22
4127;20
4128;18
4129;16
4130;15
4131;13
4132;12
4133;12
4134;12
4135;14
4136;16
4137;18
4138;20
4139;22
4140;24
4141;25
4142;26
4143;27
4144;27
4145;27
4146;26
4147;25
4148;24
4149;22
4150;21
4151;19
4152;17
4153;16
4154;15
4155;14
4156;13
4157;13
4158;13
4159;14
4160;16
4161;17
4162;18
4163;20
4164;22
4165;24
4166;24
4167;25
4168;25
4169;25
4170;25
4171;24
4172;23
4173;22
4174;21
4175;19
4176;18
4177;16
4178;15
4179;14
4180;13
4181;13
4182;13
4183;14
4184;16
4185;18
4186;19
4187;20
4188;21
4189;23
4190;23
4191;24
4192;24
4193;24
4194;23
4195;23
4196;21
4197;20
4198;19
4199;18
4200;17
4201;17
4202;16
4203;16
4204;15
4205;16
4206;17
4207;18
4208;19
4209;21
4210;23
4211;25
4212;25
4213;25
4214;25
4215;25
4216;25
4217;24
4218;23
4219;22
4220;21
4221;21
4222;20
4223;19
4224;18
4225;17
4226;16
4227;16
4228;15
4229;15
4230;15
4231;15
4232;16
4233;16
4234;17
4235;18
4236;18
4237;19
4238;19
4239;19
4240;19
4241;19
4242;19
4243;18
4244;18
4245;17
4246;17
4247;16
4248;16
4249;15
4250;15
4251;15
4252;14
4253;14
4254;15
4255;15
4256;15
4257;16
4258;16
4259;16
4260;17
4261;18
4262;18
4263;18
4264;18
4265;18
4266;18
4267;18
4268;18
4269;17
4270;17
4271;16
4272;15
4273;14
4274;14
4275;13
4276;12
4277;11
4278;12
4279;12
4280;13
4281;13
4282;14
4283;15
4284;15
4285;16
4286;17
4287;17
4288;17
4289;17
4290;17
4291;17
4292;16
4293;16
4294;15
4295;15
4296;14
4297;13
4298;13
4299;12
4300;12
4301;12
4302;12
4303;12
4304;12
4305;13
4306;14
4307;15
4308;16
4309;17
4310;17
4311;16
4312;16
4313;16
4314;16
4315;16
4316;15
4317;15
4318;14
4319;14
4320;14
4321;13
4322;13
4323;12
4324;12
4325;12
4326;13
4327;13
4328;14
4329;15
4330;16
4331;17
4332;18
4333;18
4334;19
4335;19
4336;20
4337;19
4338;19
4339;18
4340;18
4341;17
4342;16
4343;15
4344;13
4345;12
4346;10
4347;9
4348;8
4349;7
4350;8
4351;9
4352;11
4353;13
4354;14
4355;16
4356;18
4357;19
4358;20
4359;20
4360;21
4361;21
4362;21
4363;20
4364;19
4365;17
4366;16
4367;14
4368;13
4369;11
4370;10
4371;9
4372;8
4373;8
4374;8
4375;9
4376;10
4377;11
4378;14
4379;16
4380;18
4381;19
4382;20
4383;21
4384;22
4385;21
4386;21
4387;20
4388;19
4389;18
4390;17
4391;16
4392;15
4393;15
4394;15
4395;14
4396;14
4397;14
4398;14
4399;15
4400;16
4401;17
4402;18
4403;19
4404;19
4405;20
4406;20
4407;20
4408;20
4409;20
4410;19
4411;19
4412;18
4413;18
4414;17
4415;16
4416;15
4417;14
4418;13
4419;11
4420;10
4421;10
4422;10
4423;11
4424;12
4425;14
4426;14
4427;15
4428;15
4429;15
4430;15
4431;15
4432;15
4433;16
4434;16
4435;16
4436;15
4437;15
4438;14
4439;12
4440;11
4441;10
4442;9
4443;8
4444;7
4445;7
4446;8
4447;9
4448;11
4449;13
4450;15
4451;16
4452;18
4453;19
4454;19
4455;19
4456;19
4457;19
4458;19
4459;18
4460;16
4461;15
4462;14
4463;13
4464;12
4465;11
4466;11
4467;10
4468;10
4469;10
4470;10
4471;11
4472;12
4473;12
4474;13
4475;13
4476;13
4477;14
4478;14
4479;14
4480;14
4481;14
4482;14
4483;14
4484;13
4485;13
4486;12
4487;12
4488;11
4489;11
4490;11
4491;11
4492;10
4493;10
4494;10
4495;11
4496;12
4497;13
4498;13
4499;13
4500;13
4501;15
4502;16
4503;18
4504;18
4505;19
4506;19
4507;19
4508;18
4509;17
4510;17
4511;16
4512;15
4513;14
4514;12
4515;11
4516;10
4517;9
4518;11
4519;12
4520;13
4521;14
4522;16
4523;18
4524;20
4525;21
4526;22
4527;23
4528;23
4529;23
4530;22
4531;21
4532;19
4533;18
4534;17
4535;17
4536;16
4537;16
4538;16
4539;16
4540;15
4541;16
4542;16
4543;18
4544;20
4545;22
4546;24
4547;25
4548;26
4549;27
4550;28
4551;28
4552;27
4553;26
4554;25
4555;25
4556;24
4557;23
4558;22
4559;21
4560;20
4561;19
4562;19
4563;18
4564;17
4565;17
4566;17
4567;18
4568;18
4569;19
4570;19
4571;19
4572;19
4573;20
4574;20
4575;20
4576;20
4577;20
4578;20
4579;20
4580;19
4581;19
4582;19
4583;18
4584;17
4585;16
4586;16
4587;15
4588;14
4589;14
4590;15
4591;15
4592;15
4593;16
4594;16
4595;17
4596;17
4597;18
4598;18
4599;18
4600;18
4601;18
4602;18
4603;18
4604;17
4605;17
4606;16
4607;15
4608;15
4609;14
4610;13
4611;13
4612;12
4613;12
4614;12
4615;13
4616;14
4617;15
4618;16
4619;17
4620;18
4621;19
4622;20
4623;20
4624;20
4625;20
4626;19
4627;19
4628;18
4629;17
4630;16
4631;15
4632;13
4633;12
4634;11
4635;9
4636;8
4637;8
4638;9
4639;10
4640;12
4641;14
4642;16
4643;18
4644;20
4645;21
4646;23
4647;24
4648;24
4649;24
4650;24
4651;23
4652;21
4653;19
4654;18
4655;16
4656;14
4657;12
4658;11
4659;9
4660;7
4661;7
4662;7
4663;9
4664;10
4665;12
4666;14
4667;15
4668;16
4669;17
4670;18
4671;18
4672;18
4673;17
4674;16
4675;16
4676;15
4677;14
4678;13
4679;11
4680;10
4681;9
4682;8
4683;8
4684;7
4685;7
4686;7
4687;7
4688;8
4689;10
4690;12
4691;13
4692;14
4693;15
4694;15
4695;15
4696;16
4697;16
4698;15
4699;15
4700;14
4701;13
4702;12
4703;11
4704;10
4705;9
4706;8
4707;8
4708;7
4709;7
4710;7
4711;8
4712;10
4713;12
4714;14
4715;16
4716;18
4717;19
4718;20
4719;20
4720;21
4721;21
4722;20
4723;19
4724;18
4725;16
4726;15
4727;14
4728;13
4729;12
4730;11
4731;11
4732;10
4733;10
4734;10
4735;11
4736;12
4737;13
4738;15
4739;16
4740;17
4741;18
4742;19
4743;20
4744;20
4745;20
4746;20
4747;19
4748;18
4749;17
4750;17
4751;16
4752;16
4753;16
4754;15
4755;15
4756;15
4757;14
4758;15
4759;16
4760;17
4761;19
4762;21
4763;22
4764;22
4765;22
4766;22
4767;23
4768;24
4769;24
4770;24
4771;24
4772;23
4773;22
4774;21
4775;20
4776;19
4777;18
4778;17
4779;17
4780;16
4781;16
4782;16
4783;17
4784;17
4785;18
4786;19
4787;20
4788;21
4789;22
4790;23
4791;24
4792;24
4793;25
4794;25
4795;24
4796;23
4797;22
4798;21
4799;20
4800;19
4801;18
4802;16
4803;15
4804;14
4805;13
4806;13
4807;13
4808;13
4809;14
4810;14
4811;14
4812;15
4813;15
4814;16
4815;17
4816;18
4817;18
4818;18
4819;18
4820;18
4821;17
4822;17
4823;17
4824;17
4825;17
4826;17
4827;17
4828;17
4829;17
4830;17
4831;18
4832;20
4833;22
4834;24
4835;26
4836;28
4837;29
4838;30
4839;31
4840;30
4841;30
4842;31
4843;31
4844;30
4845;28
4846;27
4847;25
4848;24
4849;23
4850;21
4851;19
4852;18
4853;16
4854;16
4855;17
4856;19
4857;21
4858;24
4859;26
4860;27
4861;28
4862;29
4863;30
4864;30
4865;30
4866;29
4867;28
4868;27
4869;25
4870;24
4871;22
4872;21
4873;19
4874;18
4875;16
4876;15
4877;14
4878;14
4879;16
4880;17
4881;19
4882;21
4883;23
4884;24
4885;26
4886;27
4887;28
4888;28
4889;28
4890;27
4891;26
4892;25
4893;23
4894;21
4895;19
4896;18
4897;16
4898;15
4899;14
4900;12
4901;11
4902;11
4903;13
4904;15
4905;18
4906;20
4907;22
4908;23
4909;24
4910;25
4911;26
4912;26
4913;26
4914;25
4915;24
4916;22
4917;20
4918;19
4919;17
4920;15
4921;14
4922;13
4923;12
4924;10
4925;9
4926;10
4927;11
4928;13
4929;15
4930;17
4931;19
4932;21
4933;23
4934;24
4935;24
4936;25
4937;24
4938;24
4939;22
4940;21
4941;19
4942;18
4943;17
4944;15
4945;14
4946;13
4947;12
4948;12
4949;11
4950;11
4951;12
4952;13
4953;13
4954;14
4955;16
4956;17
4957;17
4958;18
4959;18
4960;19
4961;18
4962;18
4963;17
4964;16
4965;16
4966;15
4967;15
4968;14
4969;14
4970;14
4971;14
4972;14
4973;14
4974;14
4975;15
4976;15
4977;16
4978;17
4979;18
4980;19
4981;19
4982;20
4983;21
4984;22
4985;22
4986;22
4987;22
4988;21
4989;20
4990;19
4991;19
4992;18
4993;17
4994;17
4995;16
4996;15
4997;14
4998;15
4999;17
5000;18
5001;19
5002;20
5003;21
5004;22
5005;23
5006;23
5007;23
5008;23
5009;23
5010;22
5011;22
5012;21
5013;20
5014;19
5015;19
5016;18
5017;18
5018;18
5019;18
5020;19
5021;19
5022;19
5023;20
5024;20
5025;21
5026;21
5027;22
5028;23
5029;25
5030;26
5031;27
5032;27
5033;27
5034;27
5035;26
5036;26
5037;25
5038;23
5039;22
5040;21
5041;19
5042;17
5043;15
5044;13
5045;11
5046;10
5047;11
5048;13
5049;15
5050;17
5051;19
5052;21
5053;22
5054;24
5055;24
5056;25
5057;24
5058;24
5059;23
5060;21
5061;20
5062;19
5063;18
5064;17
5065;16
5066;16
5067;15
5068;14
5069;14
5070;14
5071;15
5072;17
5073;18
5074;20
5075;22
5076;24
5077;25
5078;26
5079;26
5080;26
5081;26
5082;26
5083;25
5084;24
5085;23
5086;21
5087;20
5088;19
5089;18
5090;16
5091;15
5092;14
5093;13
5094;13
5095;13
5096;13
5097;15
5098;17
5099;19
5100;20
5101;20
5102;20
5103;19
5104;19
5105;19
5106;19
5107;19
5108;18
5109;17
5110;16
5111;16
5112;15
5113;14
5114;13
5115;13
5116;12
5117;11
5118;11
5119;13
5120;14
5121;15
5122;16
5123;17
5124;17
5125;18
5126;18
5127;18
5128;18
5129;18
5130;17
5131;17
5132;16
5133;15
5134;14
5135;13
5136;13
5137;12
5138;12
5139;11
5140;11
5141;10
5142;10
5143;10
5144;11
5145;12
5146;13
5147;14
5148;15
5149;16
5150;16
5151;15
5152;15
5153;15
5154;15
5155;14
5156;14
5157;13
5158;12
5159;12
5160;11
5161;10
5162;9
5163;8
5164;7
5165;7
5166;7
5167;8
5168;9
5169;10
5170;11
5171;12
5172;13
5173;13
5174;14
5175;15
5176;15
5177;15
5178;14
5179;13
5180;13
5181;12
5182;11
5183;11
5184;10
5185;10
5186;10
5187;10
5188;10
5189;10
5190;10
5191;12
5192;12
5193;13
5194;13
5195;13
5196;14
5197;15
5198;16
5199;17
5200;18
5201;19
5202;20
5203;19
5204;18
5205;17
5206;17
5207;16
5208;15
5209;14
5210;13
5211;12
5212;11
5213;10
5214;10
5215;10
5216;10
5217;12
5218;13
5219;15
5220;16
5221;17
5222;19
5223;19
5224;19
5225;18
5226;17
5227;17
5228;16
5229;15
5230;14
5231;13
5232;12
5233;11
5234;10
5235;8
5236;7
5237;6
5238;5
5239;7
5240;9
5241;11
5242;12
5243;14
5244;15
5245;16
5246;17
5247;18
5248;18
5249;18
5250;17
5251;16
5252;14
5253;13
5254;11
5255;10
5256;9
5257;8
5258;8
5259;8
5260;8
5261;8
5262;8
5263;10
5264;11
5265;14
5266;16
5267;18
5268;19
5269;20
5270;21
5271;22
5272;21
5273;20
5274;19
5275;18
5276;16
5277;15
5278;14
5279;13
5280;13
5281;12
5282;11
5283;10
5284;9
5285;8
5286;8
5287;10
5288;12
5289;14
5290;14
5291;14
5292;15
5293;16
5294;16
5295;17
5296;17
5297;17
5298;17
5299;16
5300;15
5301;14
5302;13
5303;13
5304;12
5305;11
5306;11
5307;11
5308;11
5309;11
5310;11
5311;12
5312;13
5313;14
5314;17
5315;18
5316;19
5317;20
5318;21
5319;21
5320;21
5321;21
5322;20
5323;19
5324;18
5325;17
5326;16
5327;16
5328;15
5329;14
5330;14
5331;13
5332;12
5333;12
5334;12
5335;13
5336;15
5337;17
5338;18
5339;20
5340;22
5341;23
5342;24
5343;25
5344;25
5345;25
5346;25
5347;24
5348;23
5349;21
5350;21
5351;20
5352;19
5353;18
5354;18
5355;18
5356;17
5357;17
5358;17
5359;18
5360;19
5361;20
5362;20
5363;20
5364;21
5365;22
5366;23
5367;24
5368;25
5369;25
5370;25
5371;24
5372;24
5373;22
5374;21
5375;19
5376;18
5377;16
5378;14
5379;12
5380;11
5381;9
5382;8
5383;9
5384;11
5385;14
5386;17
5387;19
5388;21
5389;23
5390;24
5391;25
5392;25
5393;25
5394;24
5395;22
5396;20
5397;19
5398;18
5399;17
5400;16
5401;16
5402;15
5403;15
5404;15
5405;15
5406;15
5407;15
5408;16
5409;18
5410;20
5411;20
5412;22
5413;23
5414;24
5415;25
5416;25
5417;25
5418;25
5419;25
5420;24
5421;23
5422;22
5423;21
5424;20
5425;19
5426;18
5427;17
5428;16
5429;15
5430;14
5431;15
5432;15
5433;16
5434;16
5435;17
5436;18
5437;20
5438;21
5439;22
5440;22
5441;23
5442;23
5443;22
5444;21
5445;20
5446;19
5447;18
5448;17
5449;15
5450;14
5451;12
5452;11
5453;9
5454;9
5455;11
5456;12
5457;15
5458;17
5459;19
5460;22
5461;23
5462;25
5463;26
5464;26
5465;26
5466;25
5467;23
5468;21
5469;20
5470;19
5471;18
5472;17
5473;16
5474;15
5475;15
5476;14
5477;13
5478;13
5479;15
5480;17
5481;19
5482;21
5483;24
5484;26
5485;28
5486;29
5487;30
5488;30
5489;30
5490;28
5491;27
5492;25
5493;24
5494;23
5495;21
5496;20
5497;19
5498;18
5499;17
5500;16
5501;15
5502;14
5503;15
5504;17
5505;19
5506;21
5507;24
5508;26
5509;28
5510;29
5511;30
5512;30
5513;30
5514;29
5515;28
5516;26
5517;24
5518;23
5519;22
5520;21
5521;19
5522;18
5523;17
5524;16
5525;15
5526;15
5527;16
5528;17
5529;19
5530;21
5531;24
5532;26
5533;28
5534;30
5535;31
5536;31
5537;31
5538;30
5539;29
5540;27
5541;26
5542;24
5543;23
5544;21
5545;20
5546;18
5547;17
5548;15
5549;14
5550;13
5551;14
5552;16
5553;18
5554;20
5555;23
5556;25
5557;27
5558;28
5559;28
5560;28
5561;28
5562;27
5563;26
5564;24
5565;23
5566;21
5567;20
5568;18
5569;17
5570;16
5571;15
5572;13
5573;12
5574;12
5575;13
5576;14
5577;15
5578;17
5579;17
5580;19
5581;20
5582;21
5583;22
5584;22
5585;22
5586;21
5587;21
5588;19
5589;18
5590;17
5591;16
5592;14
5593;13
5594;12
5595;11
5596;10
5597;9
5598;8
5599;9
5600;9
5601;10
5602;12
5603;14
5604;15
5605;16
5606;17
5607;18
5608;18
5609;18
5610;18
5611;18
5612;16
5613;15
5614;14
5615;13
5616;12
5617;11
5618;10
5619;8
5620;7
5621;6
5622;6
5623;7
5624;8
5625;10
5626;12
5627;15
5628;17
5629;18
5630;20
5631;21
5632;21
5633;21
5634;20
5635;19
5636;17
5637;16
5638;15
5639;14
5640;13
5641;12
5642;11
5643;10
5644;9
5645;9
5646;8
5647;9
5648;11
5649;13
5650;15
5651;17
5652;18
5653;19
5654;20
5655;22
5656;22
5657;22
5658;21
5659;20
5660;18
5661;18
5662;17
5663;16
5664;15
5665;14
5666;14
5667;13
5668;12
5669;12
5670;12
5671;12
5672;14
5673;16
5674;19
5675;21
5676;23
5677;25
5678;26
5679;27
5680;27
5681;27
5682;26
5683;24
5684;23
5685;22
5686;21
5687;19
5688;18
5689;17
5690;16
5691;15
5692;14
5693;13
5694;13
5695;14
5696;15
5697;16
5698;16
5699;17
5700;18
5701;18
5702;18
5703;17
5704;17
5705;16
5706;16
5707;15
5708;15
5709;16
5710;16
5711;16
5712;16
5713;16
5714;17
5715;17
5716;17
5717;17
5718;17
5719;18
5720;18
5721;18
5722;19
5723;19
5724;19
5725;20
5726;20
5727;21
5728;21
5729;21
5730;21
5731;20
5732;20
5733;19
5734;19
5735;18
5736;18
5737;17
5738;16
5739;15
5740;13
5741;12
5742;12
5743;12
5744;13
5745;15
5746;17
5747;19
5748;20
5749;22
5750;23
5751;23
5752;23
5753;23
5754;22
5755;21
5756;20
5757;19
5758;18
5759;17
5760;16
5761;15
5762;14
5763;13
5764;12
5765;11
5766;11
5767;11
5768;13
5769;15
5770;17
5771;18
5772;19
5773;19
5774;20
5775;19
5776;19
5777;18
5778;17
5779;17
5780;16
5781;15
5782;14
5783;13
5784;12
5785;12
5786;11
5787;10
5788;10
5789;9
5790;8
5791;9
5792;12
5793;14
5794;16
5795;18
5796;20
5797;22
5798;23
5799;23
5800;23
5801;23
5802;22
5803;20
5804;19
5805;18
5806;18
5807;17
5808;17
5809;17
5810;17
5811;16
5812;16
5813;16
5814;16
5815;17
5816;18
5817;19
5818;20
5819;21
5820;22
5821;23
5822;23
5823;23
5824;23
5825;23
5826;23
5827;22
5828;21
5829;20
5830;20
5831;19
5832;18
5833;17
5834;17
5835;16
5836;15
5837;14
5838;13
5839;14
5840;15
5841;16
5842;17
5843;18
5844;18
5845;18
5846;18
5847;18
5848;18
5849;19
5850;19
5851;18
5852;18
5853;17
5854;16
5855;15
5856;14
5857;13
5858;12
5859;12
5860;11
5861;10
5862;9
5863;11
5864;13
5865;16
5866;18
5867;19
5868;21
5869;22
5870;23
5871;24
5872;23
5873;22
5874;21
5875;19
5876;18
5877;18
5878;17
5879;17
5880;16
5881;16
5882;16
5883;16
5884;16
5885;16
5886;16
5887;16
5888;16
5889;17
5890;18
5891;18
5892;19
5893;19
5894;19
5895;19
5896;20
5897;20
5898;19
5899;19
5900;19
5901;18
5902;18
5903;17
5904;17
5905;16
5906;16
5907;15
5908;15
5909;14
5910;14
5911;14
5912;17
5913;19
5914;21
5915;23
5916;24
5917;25
5918;26
5919;26
5920;25
5921;24
5922;23
5923;22
5924;21
5925;21
5926;20
5927;20
5928;19
5929;18
5930;18
5931;17
5932;16
5933;15
5934;14
5935;15
5936;17
5937;17
5938;18
5939;19
5940;20
5941;21
5942;23
5943;24
5944;23
5945;22
5946;22
5947;21
5948;20
5949;19
5950;19
5951;18
5952;17
5953;16
5954;15
5955;15
5956;14
5957;13
5958;12
5959;13
5960;14
5961;15
5962;16
5963;16
5964;17
5965;18
5966;19
5967;19
5968;19
5969;19
5970;18
5971;17
5972;16
5973;16
5974;15
5975;15
5976;14
5977;13
5978;13
5979;12
5980;12
5981;11
5982;11
5983;11
5984;13
5985;14
5986;15
5987;15
5988;16
5989;17
5990;17
5991;17
5992;17
5993;17
5994;17
5995;16
5996;15
5997;15
5998;14
5999;13
6000;12
6001;12
6002;11
6003;10
6004;9
6005;9
6006;8
6007;9
6008;11
6009;13
6010;15
6011;17
6012;18
6013;19
6014;20
6015;21
6016;21
6017;21
6018;20
6019;18
6020;17
6021;16
6022;16
6023;15
6024;14
6025;14
6026;13
6027;13
6028;13
6029;12
6030;12
6031;12
6032;12
6033;13
6034;13
6035;13
6036;13
6037;13
6038;13
6039;13
6040;13
6041;13
6042;13
6043;13
6044;13
6045;12
6046;12
6047;12
6048;12
6049;12
6050;12
6051;12
6052;12
6053;12
6054;12
6055;12
6056;12
6057;13
6058;13
6059;14
6060;14
6061;14
6062;14
6063;15
6064;15
6065;15
6066;15
6067;14
6068;14
6069;13
6070;13
6071;13
6072;12
6073;11
6074;10
6075;8
6076;7
6077;6
6078;4
6079;4
6080;6
6081;7
6082;10
6083;13
6084;15
6085;16
6086;18
6087;18
6088;18
6089;17
6090;16
6091;14
6092;13
6093;12
6094;11
6095;11
6096;10
6097;9
6098;8
6099;8
6100;7
6101;6
6102;6
6103;6
6104;8
6105;10
6106;12
6107;14
6108;16
6109;18
6110;18
6111;18
6112;19
6113;18
6114;17
6115;16
6116;14
6117;13
6118;12
6119;11
6120;10
6121;9
6122;9
6123;8
6124;7
6125;6
6126;5
6127;5
6128;7
6129;9
6130;12
6131;14
6132;16
6133;18
6134;19
6135;20
6136;20
6137;19
6138;18
6139;16
6140;15
6141;14
6142;13
6143;13
6144;12
6145;11
6146;11
6147;11
6148;10
6149;10
6150;9
6151;10
6152;11
6153;12
6154;15
6155;18
6156;19
6157;20
6158;21
6159;22
6160;22
6161;21
6162;20
6163;19
6164;17
6165;16
6166;16
6167;15
6168;14
6169;13
6170;12
6171;11
6172;10
6173;9
6174;8
6175;8
6176;10
6177;12
6178;14
6179;15
6180;16
6181;17
6182;18
6183;18
6184;19
6185;18
6186;17
6187;16
6188;16
6189;15
6190;15
6191;14
6192;13
6193;13
6194;13
6195;12
6196;12
6197;12
6198;12
6199;11
6200;12
6201;14
6202;15
6203;15
6204;16
6205;15
6206;15
6207;15
6208;15
6209;15
6210;14
6211;14
6212;13
6213;13
6214;13
6215;12
6216;12
6217;11
6218;11
6219;10
6220;9
6221;8
6222;7
6223;7
6224;8
6225;8
6226;8
6227;9
6228;9
6229;9
6230;10
6231;11
6232;11
6233;11
6234;11
6235;10
6236;10
6237;10
6238;10
6239;9
6240;9
6241;9
6242;9
6243;9
6244;9
6245;9
6246;9
6247;9
6248;10
6249;12
6250;14
6251;15
6252;16
6253;18
6254;19
6255;19
6256;19
6257;18
6258;17
6259;17
6260;16
6261;15
6262;14
6263;13
6264;12
6265;11
6266;10
6267;9
6268;8
6269;7
6270;5
6271;6
6272;7
6273;9
6274;12
6275;14
6276;16
6277;18
6278;18
6279;19
6280;19
6281;18
6282;16
6283;15
6284;14
6285;14
6286;13
6287;12
6288;11
6289;11
6290;11
6291;10
6292;10
6293;9
6294;9
6295;9
6296;11
6297;12
6298;13
6299;14
6300;13
6301;13
6302;13
6303;14
6304;14
6305;14
6306;14
6307;14
6308;13
6309;13
6310;12
6311;12
6312;11
6313;11
6314;11
6315;11
6316;10
6317;10
6318;10
6319;10
6320;11
6321;13
6322;14
6323;14
6324;14
6325;15
6326;15
6327;16
6328;16
6329;16
6330;15
6331;14
6332;14
6333;13
6334;13
6335;12
6336;12
6337;12
6338;11
6339;11
6340;10
6341;10
6342;9
6343;9
6344;10
6345;10
6346;11
6347;12
6348;13
6349;14
6350;15
6351;15
6352;14
6353;14
6354;13
6355;13
6356;12
6357;12
6358;12
6359;11
6360;11
6361;10
6362;10
6363;9
6364;9
6365;8
6366;8
6367;8
6368;9
6369;11
6370;13
6371;15
6372;17
6373;18
6374;19
6375;19
6376;19
6377;18
6378;17
6379;16
6380;15
6381;15
6382;14
6383;13
6384;13
6385;12
6386;11
6387;11
6388;10
6389;10
6390;9
6391;9
6392;10
6393;11
6394;13
6395;16
6396;18
6397;20
6398;20
6399;20
6400;20
6401;19
6402;18
6403;17
6404;16
6405;16
6406;15
6407;15
6408;14
6409;14
6410;13
6411;13
6412;12
6413;12
6414;11
6415;11
6416;11
6417;12
6418;13
6419;13
6420;14
6421;14
6422;15
6423;15
6424;15
6425;15
6426;14
6427;14
6428;13
6429;13
6430;13
6431;12
6432;12
6433;11
6434;11
6435;10
6436;10
6437;9
6438;9
6439;8
6440;9
6441;11
6442;12
6443;13
6444;14
6445;14
6446;14
6447;14
6448;15
6449;14
6450;14
6451;13
6452;12
6453;11
6454;11
6455;10
6456;9
6457;8
6458;8
6459;7
6460;6
6461;6
6462;5
6463;5
6464;6
6465;8
6466;10
6467;12
6468;14
6469;15
6470;16
6471;17
6472;17
6473;17
6474;15
6475;14
6476;13
6477;12
6478;11
6479;10
6480;9
6481;8
6482;7
6483;7
6484;6
6485;5
6486;4
6487;3
6488;5
6489;6
6490;8
6491;9
6492;10
6493;12
6494;13
6495;13
6496;13
6497;12
6498;11
6499;10
6500;9
6501;9
6502;8
6503;8
6504;7
6505;7
6506;6
6507;6
6508;5
6509;5
6510;5
6511;5
6512;6
6513;8
6514;10
6515;12
6516;14
6517;15
6518;16
6519;17
6520;17
6521;16
6522;15
6523;14
6524;13
6525;12
6526;11
6527;11
6528;10
6529;9
6530;8
6531;7
6532;6
6533;6
6534;5
6535;5
6536;6
6537;8
6538;10
6539;12
6540;13
6541;15
6542;16
6543;16
6544;16
6545;16
6546;14
6547;13
6548;12
6549;10
6550;9
6551;8
6552;7
6553;5
6554;4
6555;3
6556;2
6557;0
6558;-1
6559;-1
6560;0
6561;1
6562;2
6563;5
6564;6
6565;8
6566;10
6567;11
6568;12
6569;11
6570;10
6571;9
6572;8
6573;7
6574;6
6575;5
6576;4
6577;3
6578;3
6579;2
6580;1
6581;0
6582;0
6583;0
6584;1
6585;3
6586;5
6587;8
6588;9
6589;9
6590;9
6591;9
6592;9
6593;8
6594;7
6595;6
6596;5
6597;5
6598;4
6599;4
6600;3
6601;2
6602;2
6603;2
6604;1
6605;1
6606;0
6607;0
6608;2
6609;4
6610;7
6611;10
6612;12
6613;13
6614;13
6615;13
6616;13
6617;12
6618;10
6619;9
6620;8
6621;7
6622;6
6623;6
6624;5
6625;4
6626;3
6627;2
6628;1
6629;0
6630;-1
6631;-1
6632;0
6633;3
6634;6
6635;9
6636;13
6637;15
6638;17
6639;17
6640;17
6641;16
6642;14
6643;12
6644;12
6645;11
6646;11
6647;10
6648;10
6649;10
6650;9
6651;9
6652;9
6653;9
6654;8
6655;8
6656;9
6657;9
6658;9
6659;10
6660;11
6661;13
6662;14
6663;14
6664;13
6665;13
6666;12
6667;12
6668;12
6669;12
6670;11
6671;11
6672;11
6673;11
6674;10
6675;10
6676;10
6677;9
6678;9
6679;9
6680;9
6681;9
6682;10
6683;12
6684;12
6685;13
6686;14
6687;14
6688;14
6689;14
6690;13
6691;12
6692;12
6693;11
6694;11
6695;10
6696;9
6697;9
6698;8
6699;8
6700;7
6701;6
6702;6
6703;5
6704;7
6705;11
6706;13
6707;15
6708;16
6709;18
6710;19
6711;19
6712;18
6713;17
6714;15
6715;14
6716;13
6717;12
6718;11
6719;10
6720;10
6721;9
6722;8
6723;7
6724;6
6725;5
6726;5
6727;4
6728;5
6729;8
6730;10
6731;12
6732;14
6733;16
6734;16
6735;16
6736;16
6737;14
6738;13
6739;12
6740;11
6741;11
6742;11
6743;10
6744;10
6745;10
6746;10
6747;10
6748;10
6749;10
6750;10
6751;10
6752;10
6753;12
6754;14
6755;14
6756;14
6757;15
6758;16
6759;16
6760;16
6761;15
6762;14
6763;13
6764;13
6765;13
6766;12
6767;12
6768;11
6769;11
6770;10
6771;9
6772;9
6773;8
6774;8
6775;7
6776;9
6777;12
6778;15
6779;17
6780;19
6781;21
6782;22
6783;21
6784;21
6785;21
6786;19
6787;17
6788;17
6789;16
6790;16
6791;15
6792;14
6793;14
6794;13
6795;12
6796;11
6797;10
6798;9
6799;8
6800;10
6801;13
6802;15
6803;17
6804;19
6805;21
6806;22
6807;22
6808;22
6809;20
6810;19
6811;18
6812;18
6813;17
6814;16
6815;15
6816;15
6817;14
6818;13
6819;12
6820;11
6821;10
6822;9
6823;8
6824;9
6825;11
6826;14
6827;17
6828;19
6829;20
6830;21
6831;21
6832;20
6833;18
6834;17
6835;16
6836;15
6837;15
6838;14
6839;13
6840;12
6841;11
6842;10
6843;10
6844;9
6845;8
6846;7
6847;6
6848;8
6849;10
6850;13
6851;15
6852;18
6853;20
6854;21
6855;21
6856;20
6857;19
6858;17
6859;17
6860;16
6861;16
6862;15
6863;14
6864;14
6865;13
6866;13
6867;12
6868;12
6869;12
6870;11
6871;11
6872;12
6873;14
6874;15
6875;15
6876;15
6877;15
6878;16
6879;16
6880;16
6881;15
6882;15
6883;14
6884;14
6885;13
6886;13
6887;12
6888;12
6889;11
6890;11
6891;11
6892;10
6893;10
6894;10
6895;9
6896;10
6897;11
6898;12
6899;13
6900;14
6901;16
6902;16
6903;17
6904;17
6905;16
6906;15
6907;15
6908;14
6909;13
6910;12
6911;11
6912;10
6913;10
6914;8
6915;7
6916;6
6917;5
6918;4
6919;3
6920;4
6921;6
6922;9
6923;11
6924;13
6925;15
6926;16
6927;17
6928;16
6929;15
6930;13
6931;13
6932;12
6933;11
6934;11
6935;10
6936;9
6937;9
6938;9
6939;8
6940;8
6941;7
6942;7
6943;7
6944;7
6945;8
6946;9
6947;11
6948;13
6949;14
6950;16
6951;17
6952;17
6953;16
6954;15
6955;15
6956;14
6957;14
6958;13
6959;13
6960;13
6961;12
6962;12
6963;11
6964;11
6965;11
6966;10
6967;10
6968;10
6969;11
6970;12
6971;12
6972;12
6973;13
6974;13
6975;13
6976;13
6977;12
6978;12
6979;11
6980;11
6981;11
6982;11
6983;10
6984;10
6985;9
6986;9
6987;8
6988;7
6989;7
6990;6
6991;5
6992;5
6993;7
6994;9
6995;9
6996;10
6997;11
6998;13
6999;13
7000;12
7001;11
7002;10
7003;10
7004;10
7005;10
7006;10
7007;11
7008;11
7009;11
7010;11
7011;11
7012;11
7013;11
7014;12
7015;12
7016;12
7017;13
7018;13
7019;14
7020;15
7021;15
7022;15
7023;15
7024;15
7025;15
7026;14
7027;14
7028;14
7029;13
7030;13
7031;13
7032;12
7033;12
7034;11
7035;10
7036;10
7037;9
7038;8
7039;7
7040;8
7041;9
7042;11
7043;12
7044;14
7045;16
7046;17
7047;17
7048;17
7049;16
7050;15
7051;14
7052;13
7053;13
7054;12
7055;12
7056;11
7057;11
7058;10
7059;9
7060;9
7061;8
7062;8
7063;7
7064;7
7065;8
7066;8
7067;9
7068;10
7069;11
7070;12
7071;12
7072;12
7073;12
7074;11
7075;11
7076;10
7077;10
7078;9
7079;9
7080;8
7081;8
7082;7
7083;7
7084;6
7085;6
7086;5
7087;5
7088;5
7089;6
7090;7
7091;7
7092;8
7093;8
7094;9
7095;9
7096;10
7097;9
7098;9
7099;9
7100;9
7101;8
7102;8
7103;8
7104;8
7105;8
7106;7
7107;7
7108;7
7109;7
7110;7
7111;7
7112;7
7113;8
7114;8
7115;9
7116;9
7117;10
7118;11
7119;11
7120;11
7121;11
7122;10
7123;10
7124;10
7125;9
7126;9
7127;9
7128;8
7129;8
7130;7
7131;7
7132;6
7133;6
7134;5
7135;5
7136;4
7137;5
7138;5
7139;6
7140;6
7141;7
7142;7
7143;7
7144;7
7145;6
7146;6
7147;6
7148;6
7149;5
7150;5
7151;5
7152;4
7153;4
7154;4
7155;3
7156;3
7157;2
7158;2
7159;2
7160;2
7161;2
7162;3
7163;3
7164;4
7165;4
7166;4
7167;4
7168;4
7169;3
7170;3
7171;3
7172;3
7173;3
7174;3
7175;2
7176;2
7177;2
7178;2
7179;2
7180;2
7181;2
7182;2
7183;2
7184;2
7185;4
7186;5
7187;6
7188;6
7189;6
7190;6
7191;7
7192;6
7193;6
7194;5
7195;5
7196;4
7197;4
7198;4
7199;3
7200;3
7201;2
7202;2
7203;1
7204;0
7205;0
7206;-1
7207;-2
7208;-2
7209;-1
7210;0
7211;1
7212;2
7213;3
7214;4
7215;4
7216;3
7217;2
7218;2
7219;3
7220;3
7221;3
7222;4
7223;4
7224;4
7225;5
7226;5
7227;5
7228;6
7229;6
7230;6
7231;6
7232;7
7233;7
7234;7
7235;8
7236;8
7237;8
7238;8
7239;8
7240;8
7241;8
7242;8
7243;8
7244;8
7245;7
7246;7
7247;7
7248;7
7249;7
7250;7
7251;7
7252;6
7253;6
7254;6
7255;6
7256;6
7257;7
7258;8
7259;9
7260;9
7261;10
7262;10
7263;10
7264;11
7265;10
7266;10
7267;9
7268;9
7269;8
7270;8
7271;7
7272;7
7273;6
7274;6
7275;5
7276;5
7277;4
7278;4
7279;3
7280;3
7281;4
7282;6
7283;7
7284;9
7285;9
7286;10
7287;10
7288;9
7289;8
7290;8
7291;7
7292;6
7293;6
7294;5
7295;4
7296;4
7297;3
7298;2
7299;1
7300;0
7301;-2
7302;-3
7303;-4
7304;-4
7305;-2
7306;0
7307;2
7308;2
7309;2
7310;3
7311;3
7312;3
7313;2
7314;2
7315;1
7316;1
7317;0
7318;0
7319;-1
7320;-1
7321;-1
7322;-1
7323;-1
7324;-1
7325;-1
7326;-1
7327;-1
7328;-1
7329;0
7330;0
7331;1
7332;1
7333;2
7334;3
7335;3
7336;3
7337;2
7338;2
7339;2
7340;2
7341;1
7342;1
7343;1
7344;1
7345;1
7346;0
7347;0
7348;0
7349;-1
7350;-1
7351;-1
7352;-1
7353;-1
7354;-1
7355;0
7356;1
7357;2
7358;3
7359;3
7360;4
7361;3
7362;3
7363;3
7364;2
7365;2
7366;2
7367;2
7368;2
7369;2
7370;2
7371;1
7372;1
7373;1
7374;1
7375;1
7376;1
7377;1
7378;2
7379;2
7380;3
7381;3
7382;2
7383;2
7384;2
7385;2
7386;2
7387;2
7388;2
7389;1
7390;1
7391;1
7392;1
7393;1
7394;1
7395;0
7396;0
7397;0
7398;-1
7399;-1
7400;-1
7401;0
7402;2
7403;6
7404;8
7405;8
7406;8
7407;8
7408;6
7409;5
7410;5
7411;5
7412;4
7413;4
7414;4
7415;4
7416;4
7417;3
7418;3
7419;3
7420;3
7421;2
7422;2
7423;2
7424;1
7425;2
7426;4
7427;5
7428;5
7429;6
7430;6
7431;6
7432;6
7433;5
7434;5
7435;4
7436;4
7437;4
7438;4
7439;3
7440;3
7441;3
7442;3
7443;2
7444;2
7445;2
7446;2
7447;1
7448;1
7449;2
7450;4
7451;5
7452;6
7453;7
7454;9
7455;10
7456;9
7457;8
7458;7
7459;7
7460;7
7461;6
7462;6
7463;6
7464;6
7465;6
7466;5
7467;5
7468;5
7469;4
7470;4
7471;4
7472;4
7473;6
7474;8
7475;9
7476;10
7477;11
7478;13
7479;13
7480;12
7481;11
7482;10
7483;10
7484;9
7485;9
7486;9
7487;9
7488;9
7489;9
7490;9
7491;9
7492;8
7493;8
7494;8
7495;8
7496;8
7497;8
7498;9
7499;9
7500;9
7501;9
7502;9
7503;9
7504;9
7505;9
7506;9
7507;9
7508;9
7509;9
7510;9
7511;9
7512;9
7513;9
7514;9
7515;9
7516;9
7517;9
7518;9
7519;9
7520;9
7521;9
7522;10
7523;10
7524;11
7525;12
7526;12
7527;11
7528;11
7529;11
7530;10
7531;10
7532;10
7533;10
7534;10
7535;10
7536;10
7537;9
7538;9
7539;9
7540;8
7541;8
7542;8
7543;7
7544;7
7545;8
7546;10
7547;12
7548;13
7549;14
7550;15
7551;14
7552;14
7553;13
7554;12
7555;12
7556;12
7557;11
7558;11
7559;10
7560;10
7561;9
7562;8
7563;7
7564;6
7565;5
7566;4
7567;3
7568;3
7569;4
7570;8
7571;10
7572;11
7573;11
7574;11
7575;10
7576;9
7577;9
7578;8
7579;7
7580;7
7581;6
7582;6
7583;5
7584;5
7585;4
7586;4
7587;4
7588;3
7589;3
7590;3
7591;2
7592;2
7593;3
7594;5
7595;6
7596;8
7597;10
7598;11
7599;10
7600;9
7601;8
7602;8
7603;8
7604;7
7605;7
7606;7
7607;7
7608;6
7609;6
7610;6
7611;6
7612;5
7613;5
7614;5
7615;5
7616;4
7617;5
7618;6
7619;7
7620;8
7621;9
7622;10
7623;10
7624;9
7625;8
7626;8
7627;8
7628;7
7629;7
7630;7
7631;6
7632;6
7633;6
7634;5
7635;5
7636;4
7637;4
7638;3
7639;3
7640;2
7641;2
7642;2
7643;2
7644;3
7645;3
7646;3
7647;3
7648;3
7649;3
7650;3
7651;3
7652;3
7653;2
7654;2
7655;2
7656;2
7657;2
7658;2
7659;2
7660;2
7661;2
7662;2
7663;2
7664;2
7665;3
7666;5
7667;7
7668;8
7669;9
7670;9
7671;9
7672;9
7673;8
7674;8
7675;7
7676;7
7677;7
7678;6
7679;6
7680;6
7681;5
7682;5
7683;5
7684;4
7685;4
7686;4
7687;3
7688;3
7689;3
7690;5
7691;6
7692;7
7693;8
7694;9
7695;9
7696;8
7697;8
7698;7
7699;7
7700;6
7701;6
7702;5
7703;5
7704;4
7705;4
7706;3
7707;3
7708;2
7709;1
7710;1
7711;0
7712;-1
7713;0
7714;2
7715;4
7716;7
7717;8
7718;8
7719;8
7720;7
7721;6
7722;6
7723;6
7724;6
7725;6
7726;5
7727;5
7728;5
7729;5
7730;5
7731;5
7732;5
7733;5
7734;5
7735;5
7736;5
7737;6
7738;9
7739;12
7740;13
7741;14
7742;14
7743;13
7744;12
7745;11
7746;11
7747;11
7748;10
7749;10
7750;10
7751;9
7752;9
7753;9
7754;8
7755;7
7756;7
7757;6
7758;5
7759;5
7760;4
7761;5
7762;7
7763;9
7764;11
7765;12
7766;13
7767;13
7768;12
7769;11
7770;11
7771;10
7772;9
7773;9
7774;8
7775;7
7776;7
7777;6
7778;5
7779;5
7780;4
7781;4
7782;3
7783;2
7784;2
7785;3
7786;5
7787;7
7788;9
7789;10
7790;11
7791;11
7792;10
7793;9
7794;8
7795;8
7796;8
7797;7
7798;7
7799;6
7800;6
7801;5
7802;5
7803;5
7804;4
7805;4
7806;4
7807;3
7808;3
7809;4
7810;6
7811;8
7812;10
7813;11
7814;12
7815;12
7816;11
7817;10
7818;10
7819;10
7820;9
7821;9
7822;9
7823;8
7824;8
7825;8
7826;7
7827;7
7828;7
7829;7
7830;6
7831;6
7832;6
7833;6
7834;7
7835;8
7836;9
7837;10
7838;10
7839;10
7840;10
7841;9
7842;9
7843;8
7844;8
7845;8
7846;7
7847;7
7848;6
7849;6
7850;5
7851;4
7852;4
7853;3
7854;2
7855;1
7856;1
7857;1
7858;1
7859;2
7860;2
7861;3
7862;3
7863;2
7864;2
7865;1
7866;1
7867;1
7868;1
7869;1
7870;2
7871;2
7872;2
7873;2
7874;2
7875;2
7876;2
7877;3
7878;3
7879;3
7880;3
7881;4
7882;5
7883;6
7884;7
7885;8
7886;8
7887;8
7888;8
7889;7
7890;7
7891;7
7892;7
7893;7
7894;7
7895;6
7896;6
7897;6
7898;6
7899;5
7900;5
7901;5
7902;5
7903;4
7904;4
7905;4
7906;4
7907;5
7908;5
7909;5
7910;5
7911;5
7912;5
7913;5
7914;5
7915;5
7916;5
7917;4
7918;4
7919;4
7920;4
7921;3
7922;3
7923;3
7924;2
7925;2
7926;1
7927;1
7928;0
7929;1
7930;2
7931;4
7932;5
7933;6
7934;5
7935;4
7936;3
7937;3
7938;3
7939;2
7940;2
7941;2
7942;2
7943;1
7944;1
7945;1
7946;0
7947;-1
7948;-2
7949;-2
7950;-3
7951;-4
7952;-4
7953;-4
7954;-3
7955;-1
7956;0
7957;1
7958;2
7959;2
7960;1
7961;0
7962;0
7963;0
7964;-1
7965;-1
7966;-1
7967;-2
7968;-2
7969;-2
7970;-3
7971;-3
7972;-4
7973;-4
7974;-4
7975;-5
7976;-5
7977;-5
7978;-3
7979;-1
7980;0
7981;1
7982;2
7983;1
7984;0
7985;0
7986;-1
7987;-1
7988;-1
7989;-2
7990;-2
7991;-2
7992;-3
7993;-3
7994;-3
7995;-3
7996;-4
7997;-4
7998;-4
7999;-4
8000;-4
8001;-4
8002;-2
8003;-1
8004;2
8005;3
8006;4
8007;4
8008;3
8009;3
8010;2
8011;2
8012;2
8013;1
8014;1
8015;1
8016;1
8017;0
8018;0
8019;0
8020;-1
8021;-1
8022;-1
8023;-2
8024;-2
8025;-1
8026;1
8027;4
8028;7
8029;10
8030;11
8031;12
8032;10
8033;9
8034;8
8035;8
8036;7
8037;6
8038;6
8039;5
8040;5
8041;4
8042;3
8043;2
8044;1
8045;1
8046;0
8047;-1
8048;-2
8049;-2
8050;-2
8051;-1
8052;0
8053;0
8054;1
8055;0
8056;0
8057;0
8058;-1
8059;-1
8060;-1
8061;-1
8062;-1
8063;-1
8064;-1
8065;-1
8066;0
8067;0
8068;1
8069;1
8070;1
8071;2
8072;2
8073;3
8074;5
8075;8
8076;11
8077;12
8078;12
8079;12
8080;12
8081;12
8082;12
8083;12
8084;12
8085;12
8086;12
8087;12
8088;11
8089;11
8090;10
8091;9
8092;8
8093;7
8094;6
8095;5
8096;4
8097;4
8098;6
8099;7
8100;8
8101;10
8102;11
8103;11
8104;10
8105;9
8106;8
8107;8
8108;7
8109;6
8110;6
8111;5
8112;4
8113;4
8114;3
8115;2
8116;1
8117;1
8118;0
8119;-1
8120;-2
8121;-2
8122;1
8123;3
8124;5
8125;7
8126;7
8127;7
8128;6
8129;5
8130;5
8131;4
8132;4
8133;3
8134;3
8135;2
8136;1
8137;1
8138;1
8139;0
8140;0
8141;-1
8142;-1
8143;-1
8144;-2
8145;-1
8146;0
8147;2
8148;2
8149;3
8150;4
8151;4
8152;3
8153;2
8154;2
8155;2
8156;1
8157;1
8158;1
8159;1
8160;1
8161;0
8162;0
8163;0
8164;0
8165;0
8166;-1
8167;-1
8168;-1
8169;-1
8170;0
8171;2
8172;4
8173;5
8174;5
8175;4
8176;3
8177;3
8178;3
8179;3
8180;3
8181;3
8182;3
8183;3
8184;3
8185;3
8186;3
8187;2
8188;2
8189;2
8190;2
8191;2
8192;2
8193;2
8194;3
8195;5
8196;6
8197;5
8198;5
8199;4
8200;4
8201;4
8202;4
8203;3
8204;3
8205;3
8206;3
8207;3
8208;3
8209;3
8210;2
8211;2
8212;2
8213;1
8214;1
8215;0
8216;0
8217;0
8218;0
8219;0
8220;0
8221;1
8222;1
8223;1
8224;1
8225;1
8226;1
8227;0
8228;0
8229;0
8230;0
8231;0
8232;0
8233;-1
8234;-1
8235;-1
8236;-1
8237;-1
8238;-1
8239;-1
8240;-1
8241;-1
8242;1
8243;3
8244;4
8245;5
8246;5
8247;5
8248;4
8249;3
8250;3
8251;2
8252;2
8253;1
8254;1
8255;1
8256;0
8257;-1
8258;-1
8259;-2
8260;-3
8261;-4
8262;-4
8263;-5
8264;-6
8265;-6
8266;-4
8267;-2
8268;0
8269;2
8270;2
8271;1
8272;0
8273;0
8274;-1
8275;-1
8276;-1
8277;-1
8278;-1
8279;-1
8280;-1
8281;-1
8282;-1
8283;-1
8284;-1
8285;-1
8286;-1
8287;-1
8288;0
8289;0
8290;1
8291;4
8292;7
8293;9
8294;9
8295;9
8296;8
8297;7
8298;7
8299;7
8300;6
8301;6
8302;6
8303;5
8304;5
8305;4
8306;4
8307;3
8308;2
8309;1
8310;0
8311;0
8312;-1
8313;-2
8314;-1
8315;-1
8316;-1
8317;-1
8318;-1
8319;-1
8320;-1
8321;-1
8322;-1
8323;0
8324;0
8325;0
8326;1
8327;1
8328;2
8329;2
8330;2
8331;3
8332;3
8333;3
8334;4
8335;4
8336;5
8337;5
8338;5
8339;6
8340;7
8341;8
8342;8
8343;8
8344;8
8345;8
8346;7
8347;7
8348;7
8349;7
8350;7
8351;7
8352;7
8353;7
8354;6
8355;6
8356;6
8357;5
8358;5
8359;4
8360;4
8361;4
8362;4
8363;5
8364;7
8365;8
8366;8
8367;8
8368;7
8369;7
8370;7
8371;7
8372;7
8373;8
8374;8
8375;8
8376;8
8377;8
8378;8
8379;8
8380;9
8381;9
8382;9
8383;9
8384;9
8385;9
8386;10
8387;11
8388;12
8389;12
8390;12
8391;12
8392;12
8393;12
8394;12
8395;11
8396;11
8397;11
8398;11
8399;11
8400;10
8401;10
8402;9
8403;8
8404;7
8405;6
8406;5
8407;4
8408;3
8409;2
8410;3
8411;5
8412;6
8413;6
8414;6
8415;6
8416;5
8417;4
8418;5
8419;5
8420;5
8421;5
8422;5
8423;5
8424;6
8425;6
8426;6
8427;6
8428;7
8429;7
8430;7
8431;8
8432;8
8433;9
8434;9
8435;10
8436;10
8437;11
8438;11
8439;11
8440;11
8441;11
8442;11
8443;11
8444;11
8445;11
8446;10
8447;10
8448;10
8449;10
8450;10
8451;9
8452;9
8453;9
8454;8
8455;8
8456;8
8457;8
8458;8
8459;9
8460;9
8461;9
8462;9
8463;9
8464;9
8465;9
8466;8
8467;8
8468;8
8469;8
8470;8
8471;7
8472;7
8473;7
8474;7
8475;6
8476;6
8477;6
8478;6
8479;6
8480;5
8481;5
8482;6
8483;8
8484;9
8485;10
8486;9
8487;8
8488;8
8489;7
8490;7
8491;7
8492;7
8493;7
8494;6
8495;6
8496;6
8497;5
8498;4
8499;3
8500;1
8501;0
8502;-1
8503;-3
8504;-4
8505;-5
8506;-5
8507;-4
8508;-4
8509;-3
8510;-2
8511;-3
8512;-3
8513;-4
8514;-3
8515;-3
8516;-3
8517;-2
8518;-2
8519;-2
8520;-2
8521;-1
8522;-1
8523;0
8524;1
8525;1
8526;2
8527;2
8528;3
8529;4
8530;5
8531;6
8532;7
8533;8
8534;8
8535;8
8536;8
8537;7
8538;7
8539;7
8540;7
8541;6
8542;6
8543;6
8544;6
8545;5
8546;4
8547;3
8548;2
8549;1
8550;0
8551;-1
8552;-2
8553;-3
8554;-3
8555;-2
8556;-1
8557;-1
8558;0
8559;0
8560;-1
8561;-1
8562;-2
8563;-2
8564;-2
8565;-3
8566;-3
8567;-3
8568;-4
8569;-4
8570;-4
8571;-4
8572;-4
8573;-5
8574;-5
8575;-5
8576;-5
8577;-5
8578;-5
8579;-3
8580;-3
8581;-2
8582;-2
8583;-2
8584;-3
8585;-3
8586;-3
8587;-4
8588;-4
8589;-4
8590;-4
8591;-4
8592;-5
8593;-5
8594;-6
8595;-7
8596;-7
8597;-8
8598;-9
8599;-10
8600;-10
8601;-11
8602;-10
8603;-8
8604;-6
8605;-5
8606;-5
8607;-7
8608;-8
8609;-9
8610;-9
8611;-9
8612;-9
8613;-10
8614;-10
8615;-10
8616;-10
8617;-10
8618;-11
8619;-11
8620;-11
8621;-11
8622;-11
8623;-11
8624;-11
8625;-11
8626;-8
8627;-5
8628;-3
8629;-1
8630;0
8631;-1
8632;-2
8633;-3
8634;-4
8635;-4
8636;-4
8637;-4
8638;-5
8639;-5
8640;-5
8641;-5
8642;-6
8643;-6
8644;-7
8645;-7
8646;-8
8647;-8
8648;-8
8649;-9
8650;-6
8651;-2
8652;0
8653;1
8654;2
8655;2
8656;0
8657;-1
8658;-1
8659;-1
8660;-1
8661;-2
8662;-2
8663;-2
8664;-3
8665;-3
8666;-3
8667;-3
8668;-3
8669;-3
8670;-3
8671;-4
8672;-4
8673;-4
8674;-3
8675;-3
8676;-2
8677;-2
8678;-2
8679;-1
8680;-2
8681;-2
8682;-2
8683;-2
8684;-2
8685;-3
8686;-3
8687;-3
8688;-3
8689;-3
8690;-4
8691;-4
8692;-4
8693;-4
8694;-5
8695;-5
8696;-5
8697;-5
8698;-3
8699;1
8700;3
8701;4
8702;4
8703;3
8704;2
8705;1
8706;1
8707;1
8708;1
8709;1
8710;1
8711;1
8712;1
8713;1
8714;1
8715;1
8716;1
8717;1
8718;1
8719;1
8720;1
8721;0
8722;2
8723;4
8724;4
8725;5
8726;5
8727;4
8728;4
8729;4
8730;3
8731;3
8732;3
8733;2
8734;2
8735;2
8736;1
8737;1
8738;0
8739;0
8740;-1
8741;-2
8742;-3
8743;-3
8744;-4
8745;-5
8746;-4
8747;-2
8748;-1
8749;-1
8750;0
8751;1
8752;0
8753;0
8754;-1
8755;-1
8756;-1
8757;-1
8758;-1
8759;-1
8760;-1
